order_id,user_id,product_id,product_name,category,quantity,unit_price,discount_rate,sale_price,status,payment_method,created_at,shipped_at
1,133,108,Wool Sweater,Apparel,1,69.0,0.2,55.2,Complete,mobile_payment,2025-01-01 09:42,2025-01-03 09:42
2,58,107,Running Shoes,Apparel,1,129.0,0.0,129.0,Complete,bank_transfer,2025-01-02 16:43,2025-01-03 16:43
3,31,104,USB-C Hub,Electronics,1,39.0,0.0,39.0,Complete,mobile_payment,2025-01-02 23:54,2025-01-07 23:54
4,79,111,Air Fryer,Home & Kitchen,1,149.0,0.0,149.0,Complete,mobile_payment,2025-01-10 03:13,2025-01-12 03:13
5,36,122,Board Game,Toys,1,39.0,0.0,39.0,Cancelled,credit_card,2025-01-10 13:53,
6,11,118,Camping Tent,Sports,3,249.0,0.0,747.0,Complete,credit_card,2025-01-12 00:36,2025-01-17 00:36
7,112,101,Wireless Earbuds,Electronics,1,79.0,0.1,71.1,Complete,mobile_payment,2025-01-12 04:05,2025-01-16 04:05
8,28,108,Wool Sweater,Apparel,2,69.0,0.0,138.0,Complete,mobile_payment,2025-01-12 23:00,2025-01-16 23:00
9,102,117,Dumbbell Set,Sports,4,159.0,0.2,508.8,Shipped,mobile_payment,2025-01-13 07:14,2025-01-15 07:14
10,27,103,Bluetooth Speaker,Electronics,1,59.0,0.0,59.0,Shipped,credit_card,2025-01-17 18:47,2025-01-19 18:47
11,125,106,Denim Jacket,Apparel,3,89.0,0.0,267.0,Returned,credit_card,2025-01-19 06:14,2025-01-21 06:14
12,36,109,Ceramic Mug Set,Home & Kitchen,3,29.0,0.0,87.0,Shipped,bank_transfer,2025-01-23 12:41,2025-01-24 12:41
13,148,103,Bluetooth Speaker,Electronics,1,59.0,0.0,59.0,Complete,mobile_payment,2025-01-30 08:41,2025-02-04 08:41
14,45,110,Chef Knife,Home & Kitchen,1,99.0,0.1,89.1,Complete,paypal,2025-01-31 10:54,2025-02-02 10:54
15,88,118,Camping Tent,Sports,3,249.0,0.0,747.0,Complete,paypal,2025-01-31 12:42,2025-02-04 12:42
16,101,116,Yoga Mat,Sports,1,45.0,0.0,45.0,Returned,bank_transfer,2025-02-01 17:18,2025-02-03 17:18
17,62,122,Board Game,Toys,2,39.0,0.0,78.0,Complete,credit_card,2025-02-05 08:35,2025-02-08 08:35
18,32,120,Cookbook,Books,1,32.0,0.0,32.0,Complete,paypal,2025-02-05 08:54,2025-02-09 08:54
19,125,116,Yoga Mat,Sports,1,45.0,0.0,45.0,Complete,mobile_payment,2025-02-07 07:45,2025-02-08 07:45
20,103,113,Vitamin C Serum,Beauty,1,35.0,0.0,35.0,Cancelled,bank_transfer,2025-02-08 01:25,
21,134,121,Building Blocks,Toys,1,49.0,0.0,49.0,Complete,paypal,2025-02-10 20:53,2025-02-13 20:53
22,93,106,Denim Jacket,Apparel,2,89.0,0.1,160.2,Complete,mobile_payment,2025-02-12 05:46,2025-02-16 05:46
23,146,108,Wool Sweater,Apparel,1,69.0,0.1,62.1,Complete,bank_transfer,2025-02-13 15:17,2025-02-14 15:17
24,8,102,Smart Watch,Electronics,3,199.0,0.0,597.0,Complete,mobile_payment,2025-02-14 15:32,2025-02-16 15:32
25,146,117,Dumbbell Set,Sports,1,159.0,0.0,159.0,Complete,credit_card,2025-02-16 08:22,2025-02-17 08:22
26,101,114,Sunscreen SPF50,Beauty,1,22.0,0.0,22.0,Complete,credit_card,2025-02-18 06:21,2025-02-23 06:21
27,43,105,Cotton T-Shirt,Apparel,1,19.0,0.0,19.0,Complete,bank_transfer,2025-02-18 19:59,2025-02-23 19:59
28,12,106,Denim Jacket,Apparel,1,89.0,0.0,89.0,Cancelled,bank_transfer,2025-02-23 12:04,
29,114,109,Ceramic Mug Set,Home & Kitchen,1,29.0,0.1,26.1,Complete,paypal,2025-02-25 07:58,2025-02-28 07:58
30,28,120,Cookbook,Books,1,32.0,0.0,32.0,Cancelled,paypal,2025-02-28 00:22,
31,51,118,Camping Tent,Sports,2,249.0,0.0,498.0,Cancelled,credit_card,2025-02-28 06:40,
32,36,120,Cookbook,Books,1,32.0,0.0,32.0,Complete,bank_transfer,2025-02-28 23:01,2025-03-03 23:01
33,68,108,Wool Sweater,Apparel,1,69.0,0.0,69.0,Complete,credit_card,2025-03-02 04:47,2025-03-03 04:47
34,77,112,Scented Candle,Home & Kitchen,1,15.0,0.0,15.0,Complete,paypal,2025-03-03 13:26,2025-03-04 13:26
35,11,101,Wireless Earbuds,Electronics,2,79.0,0.1,142.2,Complete,mobile_payment,2025-03-04 03:13,2025-03-05 03:13
36,107,112,Scented Candle,Home & Kitchen,1,15.0,0.2,12.0,Complete,bank_transfer,2025-03-04 11:50,2025-03-09 11:50
37,43,104,USB-C Hub,Electronics,2,39.0,0.1,70.2,Complete,credit_card,2025-03-06 23:10,2025-03-11 23:10
38,58,104,USB-C Hub,Electronics,1,39.0,0.0,39.0,Returned,credit_card,2025-03-07 15:16,2025-03-10 15:16
39,45,110,Chef Knife,Home & Kitchen,3,99.0,0.1,267.3,Complete,paypal,2025-03-08 11:32,2025-03-10 11:32
40,70,103,Bluetooth Speaker,Electronics,1,59.0,0.0,59.0,Shipped,credit_card,2025-03-09 04:55,2025-03-12 04:55
41,126,106,Denim Jacket,Apparel,3,89.0,0.2,213.6,Cancelled,paypal,2025-03-09 22:20,
42,7,114,Sunscreen SPF50,Beauty,2,22.0,0.0,44.0,Complete,credit_card,2025-03-12 23:21,2025-03-14 23:21
43,136,121,Building Blocks,Toys,4,49.0,0.0,196.0,Complete,paypal,2025-03-13 06:24,2025-03-16 06:24
44,8,111,Air Fryer,Home & Kitchen,1,149.0,0.0,149.0,Complete,mobile_payment,2025-03-14 15:57,2025-03-15 15:57
45,50,121,Building Blocks,Toys,2,49.0,0.2,78.4,Complete,paypal,2025-03-14 22:23,2025-03-19 22:23
46,112,116,Yoga Mat,Sports,1,45.0,0.0,45.0,Cancelled,mobile_payment,2025-03-17 04:13,
47,109,112,Scented Candle,Home & Kitchen,4,15.0,0.0,60.0,Complete,paypal,2025-03-17 22:16,2025-03-20 22:16
48,103,109,Ceramic Mug Set,Home & Kitchen,1,29.0,0.1,26.1,Cancelled,mobile_payment,2025-03-18 14:05,
49,77,118,Camping Tent,Sports,1,249.0,0.0,249.0,Processing,credit_card,2025-03-19 18:25,
50,7,116,Yoga Mat,Sports,2,45.0,0.1,81.0,Returned,mobile_payment,2025-03-20 09:43,2025-03-21 09:43
51,8,103,Bluetooth Speaker,Electronics,3,59.0,0.1,159.3,Complete,paypal,2025-03-20 18:37,2025-03-25 18:37
52,93,109,Ceramic Mug Set,Home & Kitchen,1,29.0,0.0,29.0,Processing,paypal,2025-03-20 19:45,
53,114,118,Camping Tent,Sports,1,249.0,0.1,224.1,Complete,bank_transfer,2025-03-21 21:07,2025-03-25 21:07
54,63,112,Scented Candle,Home & Kitchen,3,15.0,0.0,45.0,Complete,credit_card,2025-03-22 22:14,2025-03-23 22:14
55,107,122,Board Game,Toys,1,39.0,0.0,39.0,Shipped,bank_transfer,2025-03-25 08:13,2025-03-26 08:13
56,100,113,Vitamin C Serum,Beauty,2,35.0,0.0,70.0,Complete,bank_transfer,2025-03-26 10:23,2025-03-27 10:23
57,59,121,Building Blocks,Toys,3,49.0,0.0,147.0,Complete,paypal,2025-03-28 07:47,2025-03-30 07:47
58,33,102,Smart Watch,Electronics,1,199.0,0.0,199.0,Complete,bank_transfer,2025-03-28 16:34,2025-03-29 16:34
59,146,120,Cookbook,Books,1,32.0,0.1,28.8,Shipped,credit_card,2025-03-29 16:12,2025-04-03 16:12
60,41,122,Board Game,Toys,1,39.0,0.0,39.0,Complete,mobile_payment,2025-03-30 19:31,2025-04-03 19:31
61,37,111,Air Fryer,Home & Kitchen,1,149.0,0.0,149.0,Complete,bank_transfer,2025-03-30 22:52,2025-03-31 22:52
62,142,112,Scented Candle,Home & Kitchen,1,15.0,0.0,15.0,Complete,mobile_payment,2025-03-31 19:56,2025-04-03 19:56
63,5,105,Cotton T-Shirt,Apparel,1,19.0,0.0,19.0,Processing,paypal,2025-03-31 22:12,
64,37,119,Mystery Novel,Books,2,14.0,0.0,28.0,Complete,bank_transfer,2025-04-02 08:47,2025-04-06 08:47
65,128,116,Yoga Mat,Sports,1,45.0,0.0,45.0,Complete,bank_transfer,2025-04-03 11:29,2025-04-04 11:29
66,57,111,Air Fryer,Home & Kitchen,3,149.0,0.2,357.6,Cancelled,paypal,2025-04-05 18:06,
67,46,120,Cookbook,Books,1,32.0,0.0,32.0,Complete,paypal,2025-04-07 10:03,2025-04-12 10:03
68,128,107,Running Shoes,Apparel,1,129.0,0.1,116.1,Shipped,paypal,2025-04-07 22:34,2025-04-12 22:34
69,135,117,Dumbbell Set,Sports,1,159.0,0.0,159.0,Complete,credit_card,2025-04-08 09:54,2025-04-11 09:54
70,71,102,Smart Watch,Electronics,1,199.0,0.1,179.1,Complete,paypal,2025-04-08 20:34,2025-04-09 20:34
71,32,108,Wool Sweater,Apparel,1,69.0,0.0,69.0,Shipped,mobile_payment,2025-04-11 05:33,2025-04-14 05:33
72,102,103,Bluetooth Speaker,Electronics,1,59.0,0.1,53.1,Complete,mobile_payment,2025-04-11 10:01,2025-04-15 10:01
73,114,108,Wool Sweater,Apparel,1,69.0,0.2,55.2,Shipped,credit_card,2025-04-11 10:17,2025-04-16 10:17
74,31,114,Sunscreen SPF50,Beauty,3,22.0,0.0,66.0,Complete,paypal,2025-04-12 01:12,2025-04-17 01:12
75,52,112,Scented Candle,Home & Kitchen,1,15.0,0.0,15.0,Shipped,paypal,2025-04-12 14:26,2025-04-13 14:26
76,135,110,Chef Knife,Home & Kitchen,1,99.0,0.0,99.0,Complete,bank_transfer,2025-04-13 13:56,2025-04-15 13:56
77,2,116,Yoga Mat,Sports,1,45.0,0.1,40.5,Complete,mobile_payment,2025-04-13 17:59,2025-04-17 17:59
78,135,117,Dumbbell Set,Sports,2,159.0,0.1,286.2,Complete,paypal,2025-04-14 01:42,2025-04-19 01:42
79,110,102,Smart Watch,Electronics,4,199.0,0.1,716.4,Complete,credit_card,2025-04-14 03:31,2025-04-18 03:31
80,106,110,Chef Knife,Home & Kitchen,3,99.0,0.1,267.3,Complete,mobile_payment,2025-04-14 08:24,2025-04-19 08:24
81,39,117,Dumbbell Set,Sports,1,159.0,0.0,159.0,Complete,bank_transfer,2025-04-16 07:07,2025-04-17 07:07
82,42,117,Dumbbell Set,Sports,2,159.0,0.0,318.0,Cancelled,paypal,2025-04-16 08:28,
83,54,120,Cookbook,Books,2,32.0,0.0,64.0,Cancelled,credit_card,2025-04-16 15:59,
84,100,104,USB-C Hub,Electronics,1,39.0,0.0,39.0,Complete,bank_transfer,2025-04-20 21:31,2025-04-25 21:31
85,81,105,Cotton T-Shirt,Apparel,1,19.0,0.0,19.0,Complete,mobile_payment,2025-04-22 13:07,2025-04-24 13:07
86,1,112,Scented Candle,Home & Kitchen,3,15.0,0.2,36.0,Returned,bank_transfer,2025-04-23 17:52,2025-04-24 17:52
87,75,107,Running Shoes,Apparel,2,129.0,0.1,232.2,Complete,paypal,2025-04-25 03:00,2025-04-29 03:00
88,138,118,Camping Tent,Sports,3,249.0,0.0,747.0,Complete,mobile_payment,2025-04-25 04:10,2025-04-30 04:10
89,72,114,Sunscreen SPF50,Beauty,1,22.0,0.0,22.0,Complete,bank_transfer,2025-04-26 04:23,2025-04-29 04:23
90,31,122,Board Game,Toys,1,39.0,0.0,39.0,Complete,paypal,2025-04-26 09:19,2025-04-29 09:19
91,27,102,Smart Watch,Electronics,4,199.0,0.1,716.4,Complete,mobile_payment,2025-04-26 13:58,2025-05-01 13:58
92,42,116,Yoga Mat,Sports,2,45.0,0.0,90.0,Complete,credit_card,2025-04-27 20:53,2025-04-29 20:53
93,45,112,Scented Candle,Home & Kitchen,1,15.0,0.0,15.0,Processing,credit_card,2025-04-27 21:45,
94,38,104,USB-C Hub,Electronics,1,39.0,0.1,35.1,Complete,mobile_payment,2025-04-28 00:48,2025-05-02 00:48
95,142,108,Wool Sweater,Apparel,3,69.0,0.0,207.0,Complete,paypal,2025-04-29 21:06,2025-05-04 21:06
96,10,111,Air Fryer,Home & Kitchen,2,149.0,0.0,298.0,Complete,paypal,2025-05-02 01:11,2025-05-05 01:11
97,42,108,Wool Sweater,Apparel,1,69.0,0.0,69.0,Complete,credit_card,2025-05-02 03:13,2025-05-05 03:13
98,33,118,Camping Tent,Sports,1,249.0,0.0,249.0,Shipped,mobile_payment,2025-05-02 10:48,2025-05-06 10:48
99,26,115,Hair Dryer,Beauty,1,119.0,0.1,107.1,Shipped,bank_transfer,2025-05-02 20:43,2025-05-06 20:43
100,97,105,Cotton T-Shirt,Apparel,2,19.0,0.0,38.0,Complete,paypal,2025-05-02 22:23,2025-05-06 22:23
101,89,105,Cotton T-Shirt,Apparel,2,19.0,0.0,38.0,Shipped,paypal,2025-05-03 16:33,2025-05-06 16:33
102,8,116,Yoga Mat,Sports,1,45.0,0.2,36.0,Complete,mobile_payment,2025-05-06 03:47,2025-05-07 03:47
103,14,122,Board Game,Toys,3,39.0,0.0,117.0,Complete,paypal,2025-05-06 09:38,2025-05-07 09:38
104,63,110,Chef Knife,Home & Kitchen,1,99.0,0.0,99.0,Complete,mobile_payment,2025-05-08 19:05,2025-05-11 19:05
105,138,103,Bluetooth Speaker,Electronics,2,59.0,0.1,106.2,Processing,credit_card,2025-05-09 05:25,
106,89,111,Air Fryer,Home & Kitchen,4,149.0,0.1,536.4,Complete,bank_transfer,2025-05-09 14:46,2025-05-13 14:46
107,62,121,Building Blocks,Toys,1,49.0,0.0,49.0,Complete,paypal,2025-05-10 05:39,2025-05-15 05:39
108,71,109,Ceramic Mug Set,Home & Kitchen,1,29.0,0.0,29.0,Shipped,paypal,2025-05-10 08:00,2025-05-15 08:00
109,26,117,Dumbbell Set,Sports,4,159.0,0.0,636.0,Complete,credit_card,2025-05-10 14:06,2025-05-14 14:06
110,141,103,Bluetooth Speaker,Electronics,1,59.0,0.0,59.0,Cancelled,credit_card,2025-05-11 14:10,
111,135,121,Building Blocks,Toys,1,49.0,0.0,49.0,Shipped,bank_transfer,2025-05-11 23:36,2025-05-13 23:36
112,130,122,Board Game,Toys,1,39.0,0.1,35.1,Returned,bank_transfer,2025-05-12 12:26,2025-05-14 12:26
113,49,110,Chef Knife,Home & Kitchen,1,99.0,0.0,99.0,Complete,credit_card,2025-05-13 23:52,2025-05-18 23:52
114,52,110,Chef Knife,Home & Kitchen,1,99.0,0.0,99.0,Complete,bank_transfer,2025-05-15 04:50,2025-05-18 04:50
115,126,104,USB-C Hub,Electronics,2,39.0,0.0,78.0,Complete,mobile_payment,2025-05-15 14:56,2025-05-18 14:56
116,89,104,USB-C Hub,Electronics,2,39.0,0.0,78.0,Shipped,credit_card,2025-05-15 16:00,2025-05-17 16:00
117,101,111,Air Fryer,Home & Kitchen,2,149.0,0.1,268.2,Complete,mobile_payment,2025-05-16 15:09,2025-05-19 15:09
118,67,102,Smart Watch,Electronics,1,199.0,0.0,199.0,Complete,credit_card,2025-05-16 22:29,2025-05-20 22:29
119,2,121,Building Blocks,Toys,3,49.0,0.0,147.0,Complete,mobile_payment,2025-05-17 00:43,2025-05-22 00:43
120,37,108,Wool Sweater,Apparel,1,69.0,0.0,69.0,Complete,mobile_payment,2025-05-18 16:24,2025-05-20 16:24
121,76,102,Smart Watch,Electronics,1,199.0,0.0,199.0,Complete,paypal,2025-05-18 17:44,2025-05-23 17:44
122,59,103,Bluetooth Speaker,Electronics,1,59.0,0.0,59.0,Complete,bank_transfer,2025-05-18 18:02,2025-05-23 18:02
123,126,112,Scented Candle,Home & Kitchen,1,15.0,0.0,15.0,Complete,bank_transfer,2025-05-20 15:19,2025-05-24 15:19
124,11,109,Ceramic Mug Set,Home & Kitchen,2,29.0,0.0,58.0,Shipped,credit_card,2025-05-20 23:31,2025-05-21 23:31
125,11,121,Building Blocks,Toys,1,49.0,0.0,49.0,Complete,bank_transfer,2025-05-21 09:50,2025-05-26 09:50
126,119,104,USB-C Hub,Electronics,2,39.0,0.0,78.0,Complete,mobile_payment,2025-05-21 14:04,2025-05-23 14:04
127,77,118,Camping Tent,Sports,3,249.0,0.0,747.0,Complete,mobile_payment,2025-05-22 09:52,2025-05-26 09:52
128,38,117,Dumbbell Set,Sports,3,159.0,0.0,477.0,Complete,bank_transfer,2025-05-22 20:59,2025-05-24 20:59
129,107,113,Vitamin C Serum,Beauty,2,35.0,0.0,70.0,Returned,paypal,2025-05-23 04:18,2025-05-25 04:18
130,147,111,Air Fryer,Home & Kitchen,1,149.0,0.1,134.1,Complete,credit_card,2025-05-23 12:24,2025-05-27 12:24
131,148,110,Chef Knife,Home & Kitchen,1,99.0,0.1,89.1,Complete,paypal,2025-05-24 10:36,2025-05-27 10:36
132,5,109,Ceramic Mug Set,Home & Kitchen,2,29.0,0.0,58.0,Complete,mobile_payment,2025-05-24 19:06,2025-05-25 19:06
133,134,119,Mystery Novel,Books,2,14.0,0.2,22.4,Complete,bank_transfer,2025-05-24 21:53,2025-05-29 21:53
134,135,122,Board Game,Toys,1,39.0,0.0,39.0,Complete,paypal,2025-05-25 01:16,2025-05-28 01:16
135,12,101,Wireless Earbuds,Electronics,1,79.0,0.1,71.1,Complete,paypal,2025-05-25 07:44,2025-05-26 07:44
136,78,112,Scented Candle,Home & Kitchen,2,15.0,0.0,30.0,Processing,bank_transfer,2025-05-25 16:17,
137,128,116,Yoga Mat,Sports,1,45.0,0.0,45.0,Complete,credit_card,2025-05-25 18:10,2025-05-28 18:10
138,134,109,Ceramic Mug Set,Home & Kitchen,1,29.0,0.2,23.2,Cancelled,mobile_payment,2025-05-26 13:44,
139,53,112,Scented Candle,Home & Kitchen,1,15.0,0.0,15.0,Complete,mobile_payment,2025-05-26 16:30,2025-05-27 16:30
140,10,117,Dumbbell Set,Sports,1,159.0,0.0,159.0,Complete,mobile_payment,2025-05-28 04:45,2025-06-01 04:45
141,68,121,Building Blocks,Toys,4,49.0,0.0,196.0,Complete,bank_transfer,2025-05-28 10:39,2025-05-29 10:39
142,62,110,Chef Knife,Home & Kitchen,1,99.0,0.0,99.0,Complete,bank_transfer,2025-05-28 18:26,2025-05-29 18:26
143,107,118,Camping Tent,Sports,3,249.0,0.0,747.0,Complete,mobile_payment,2025-05-30 09:09,2025-06-01 09:09
144,13,108,Wool Sweater,Apparel,4,69.0,0.0,276.0,Complete,credit_card,2025-06-01 21:19,2025-06-03 21:19
145,99,116,Yoga Mat,Sports,2,45.0,0.0,90.0,Complete,paypal,2025-06-07 07:42,2025-06-09 07:42
146,46,111,Air Fryer,Home & Kitchen,1,149.0,0.0,149.0,Complete,bank_transfer,2025-06-07 08:35,2025-06-09 08:35
147,78,119,Mystery Novel,Books,3,14.0,0.0,42.0,Complete,mobile_payment,2025-06-08 20:10,2025-06-12 20:10
148,78,121,Building Blocks,Toys,1,49.0,0.0,49.0,Processing,mobile_payment,2025-06-09 07:51,
149,76,108,Wool Sweater,Apparel,1,69.0,0.0,69.0,Returned,bank_transfer,2025-06-09 09:01,2025-06-13 09:01
150,97,117,Dumbbell Set,Sports,1,159.0,0.0,159.0,Complete,bank_transfer,2025-06-10 19:43,2025-06-13 19:43
151,16,122,Board Game,Toys,1,39.0,0.2,31.2,Complete,credit_card,2025-06-11 01:22,2025-06-16 01:22
152,15,122,Board Game,Toys,1,39.0,0.0,39.0,Processing,mobile_payment,2025-06-13 07:36,
153,147,105,Cotton T-Shirt,Apparel,2,19.0,0.0,38.0,Complete,mobile_payment,2025-06-14 04:03,2025-06-16 04:03
154,124,116,Yoga Mat,Sports,3,45.0,0.0,135.0,Complete,credit_card,2025-06-14 10:15,2025-06-15 10:15
155,38,121,Building Blocks,Toys,1,49.0,0.0,49.0,Complete,credit_card,2025-06-14 15:59,2025-06-15 15:59
156,99,101,Wireless Earbuds,Electronics,1,79.0,0.0,79.0,Complete,paypal,2025-06-15 12:45,2025-06-16 12:45
157,32,109,Ceramic Mug Set,Home & Kitchen,2,29.0,0.0,58.0,Complete,paypal,2025-06-15 16:19,2025-06-20 16:19
158,40,113,Vitamin C Serum,Beauty,2,35.0,0.0,70.0,Complete,bank_transfer,2025-06-16 03:19,2025-06-20 03:19
159,67,109,Ceramic Mug Set,Home & Kitchen,2,29.0,0.1,52.2,Complete,paypal,2025-06-16 22:57,2025-06-18 22:57
160,78,112,Scented Candle,Home & Kitchen,3,15.0,0.0,45.0,Shipped,mobile_payment,2025-06-17 02:18,2025-06-21 02:18
161,113,106,Denim Jacket,Apparel,1,89.0,0.0,89.0,Complete,bank_transfer,2025-06-17 16:39,2025-06-20 16:39
162,49,114,Sunscreen SPF50,Beauty,1,22.0,0.0,22.0,Processing,paypal,2025-06-18 03:59,
163,119,117,Dumbbell Set,Sports,1,159.0,0.0,159.0,Shipped,mobile_payment,2025-06-18 12:21,2025-06-20 12:21
164,103,117,Dumbbell Set,Sports,1,159.0,0.1,143.1,Complete,paypal,2025-06-19 19:17,2025-06-20 19:17
165,78,118,Camping Tent,Sports,1,249.0,0.0,249.0,Complete,credit_card,2025-06-21 08:43,2025-06-24 08:43
166,65,101,Wireless Earbuds,Electronics,1,79.0,0.0,79.0,Shipped,paypal,2025-06-21 23:44,2025-06-23 23:44
167,23,119,Mystery Novel,Books,2,14.0,0.0,28.0,Complete,mobile_payment,2025-06-22 04:39,2025-06-26 04:39
168,112,108,Wool Sweater,Apparel,2,69.0,0.0,138.0,Complete,mobile_payment,2025-06-22 08:53,2025-06-25 08:53
169,78,122,Board Game,Toys,1,39.0,0.0,39.0,Complete,mobile_payment,2025-06-23 08:31,2025-06-25 08:31
170,10,104,USB-C Hub,Electronics,1,39.0,0.0,39.0,Complete,credit_card,2025-06-23 12:56,2025-06-28 12:56
171,38,118,Camping Tent,Sports,1,249.0,0.0,249.0,Complete,paypal,2025-06-25 08:59,2025-06-26 08:59
172,5,116,Yoga Mat,Sports,3,45.0,0.1,121.5,Complete,credit_card,2025-06-26 18:04,2025-06-28 18:04
173,78,107,Running Shoes,Apparel,1,129.0,0.0,129.0,Complete,credit_card,2025-06-28 09:29,2025-07-01 09:29
174,124,103,Bluetooth Speaker,Electronics,1,59.0,0.2,47.2,Cancelled,paypal,2025-06-29 00:27,
175,122,111,Air Fryer,Home & Kitchen,3,149.0,0.0,447.0,Complete,mobile_payment,2025-06-29 01:41,2025-07-01 01:41
176,33,113,Vitamin C Serum,Beauty,1,35.0,0.0,35.0,Complete,mobile_payment,2025-06-29 05:46,2025-07-04 05:46
177,33,103,Bluetooth Speaker,Electronics,1,59.0,0.0,59.0,Complete,bank_transfer,2025-06-29 08:59,2025-07-01 08:59
178,49,118,Camping Tent,Sports,1,249.0,0.0,249.0,Complete,bank_transfer,2025-06-30 09:44,2025-07-01 09:44
179,133,114,Sunscreen SPF50,Beauty,1,22.0,0.2,17.6,Complete,bank_transfer,2025-06-30 17:46,2025-07-04 17:46
180,41,116,Yoga Mat,Sports,2,45.0,0.0,90.0,Complete,mobile_payment,2025-07-03 00:35,2025-07-07 00:35
181,78,103,Bluetooth Speaker,Electronics,2,59.0,0.2,94.4,Complete,bank_transfer,2025-07-05 16:35,2025-07-09 16:35
182,15,105,Cotton T-Shirt,Apparel,1,19.0,0.1,17.1,Complete,paypal,2025-07-06 03:33,2025-07-08 03:33
183,60,108,Wool Sweater,Apparel,2,69.0,0.0,138.0,Cancelled,credit_card,2025-07-06 06:48,
184,116,105,Cotton T-Shirt,Apparel,1,19.0,0.0,19.0,Complete,bank_transfer,2025-07-06 08:44,2025-07-08 08:44
185,9,121,Building Blocks,Toys,1,49.0,0.0,49.0,Processing,bank_transfer,2025-07-09 21:36,
186,11,115,Hair Dryer,Beauty,1,119.0,0.0,119.0,Complete,mobile_payment,2025-07-10 07:59,2025-07-13 07:59
187,99,115,Hair Dryer,Beauty,2,119.0,0.0,238.0,Cancelled,mobile_payment,2025-07-10 16:39,
188,67,113,Vitamin C Serum,Beauty,3,35.0,0.0,105.0,Complete,bank_transfer,2025-07-10 22:28,2025-07-15 22:28
189,68,108,Wool Sweater,Apparel,1,69.0,0.0,69.0,Complete,paypal,2025-07-11 22:15,2025-07-15 22:15
190,16,111,Air Fryer,Home & Kitchen,1,149.0,0.0,149.0,Processing,bank_transfer,2025-07-12 14:06,
191,5,121,Building Blocks,Toys,3,49.0,0.1,132.3,Cancelled,bank_transfer,2025-07-12 20:23,
192,46,122,Board Game,Toys,1,39.0,0.0,39.0,Complete,bank_transfer,2025-07-14 17:47,2025-07-15 17:47
193,11,102,Smart Watch,Electronics,1,199.0,0.0,199.0,Processing,paypal,2025-07-15 02:12,
194,32,111,Air Fryer,Home & Kitchen,1,149.0,0.0,149.0,Complete,paypal,2025-07-15 14:29,2025-07-20 14:29
195,77,108,Wool Sweater,Apparel,1,69.0,0.0,69.0,Complete,bank_transfer,2025-07-16 09:45,2025-07-20 09:45
196,113,109,Ceramic Mug Set,Home & Kitchen,4,29.0,0.1,104.4,Complete,credit_card,2025-07-16 20:58,2025-07-18 20:58
197,50,101,Wireless Earbuds,Electronics,1,79.0,0.0,79.0,Complete,bank_transfer,2025-07-17 18:08,2025-07-20 18:08
198,45,105,Cotton T-Shirt,Apparel,3,19.0,0.0,57.0,Processing,paypal,2025-07-17 18:35,
199,141,122,Board Game,Toys,2,39.0,0.1,70.2,Complete,credit_card,2025-07-18 14:41,2025-07-21 14:41
200,45,106,Denim Jacket,Apparel,4,89.0,0.0,356.0,Complete,mobile_payment,2025-07-18 23:32,2025-07-19 23:32
201,104,107,Running Shoes,Apparel,1,129.0,0.0,129.0,Complete,bank_transfer,2025-07-19 07:53,2025-07-23 07:53
202,105,113,Vitamin C Serum,Beauty,1,35.0,0.0,35.0,Complete,bank_transfer,2025-07-19 16:06,2025-07-24 16:06
203,31,122,Board Game,Toys,1,39.0,0.0,39.0,Complete,credit_card,2025-07-21 08:02,2025-07-22 08:02
204,102,109,Ceramic Mug Set,Home & Kitchen,1,29.0,0.0,29.0,Complete,paypal,2025-07-23 20:59,2025-07-24 20:59
205,31,109,Ceramic Mug Set,Home & Kitchen,1,29.0,0.1,26.1,Complete,credit_card,2025-07-25 08:09,2025-07-26 08:09
206,93,109,Ceramic Mug Set,Home & Kitchen,3,29.0,0.0,87.0,Complete,mobile_payment,2025-07-26 12:24,2025-07-30 12:24
207,111,113,Vitamin C Serum,Beauty,1,35.0,0.0,35.0,Complete,bank_transfer,2025-07-26 13:54,2025-07-31 13:54
208,88,116,Yoga Mat,Sports,1,45.0,0.0,45.0,Complete,mobile_payment,2025-07-26 17:34,2025-07-27 17:34
209,37,122,Board Game,Toys,1,39.0,0.0,39.0,Processing,paypal,2025-07-27 14:04,
210,143,118,Camping Tent,Sports,1,249.0,0.0,249.0,Returned,bank_transfer,2025-07-28 15:16,2025-08-02 15:16
211,90,119,Mystery Novel,Books,3,14.0,0.0,42.0,Complete,bank_transfer,2025-07-30 00:05,2025-08-02 00:05
212,137,107,Running Shoes,Apparel,2,129.0,0.0,258.0,Complete,bank_transfer,2025-07-31 08:38,2025-08-03 08:38
213,102,101,Wireless Earbuds,Electronics,1,79.0,0.1,71.1,Complete,mobile_payment,2025-08-03 03:55,2025-08-08 03:55
214,109,122,Board Game,Toys,2,39.0,0.0,78.0,Complete,credit_card,2025-08-04 03:13,2025-08-08 03:13
215,67,104,USB-C Hub,Electronics,1,39.0,0.0,39.0,Complete,mobile_payment,2025-08-04 05:35,2025-08-07 05:35
216,112,120,Cookbook,Books,1,32.0,0.0,32.0,Complete,credit_card,2025-08-05 17:01,2025-08-06 17:01
217,116,118,Camping Tent,Sports,3,249.0,0.0,747.0,Complete,bank_transfer,2025-08-08 14:25,2025-08-09 14:25
218,91,108,Wool Sweater,Apparel,1,69.0,0.1,62.1,Shipped,credit_card,2025-08-09 12:55,2025-08-13 12:55
219,52,106,Denim Jacket,Apparel,1,89.0,0.1,80.1,Complete,paypal,2025-08-10 02:28,2025-08-14 02:28
220,73,118,Camping Tent,Sports,1,249.0,0.2,199.2,Complete,paypal,2025-08-10 04:45,2025-08-11 04:45
221,45,103,Bluetooth Speaker,Electronics,2,59.0,0.1,106.2,Cancelled,credit_card,2025-08-11 15:52,
222,104,122,Board Game,Toys,4,39.0,0.0,156.0,Complete,paypal,2025-08-11 18:08,2025-08-16 18:08
223,105,106,Denim Jacket,Apparel,1,89.0,0.0,89.0,Complete,bank_transfer,2025-08-12 08:55,2025-08-16 08:55
224,21,108,Wool Sweater,Apparel,2,69.0,0.0,138.0,Complete,credit_card,2025-08-12 16:28,2025-08-15 16:28
225,127,102,Smart Watch,Electronics,4,199.0,0.0,796.0,Cancelled,credit_card,2025-08-12 23:55,
226,98,102,Smart Watch,Electronics,2,199.0,0.0,398.0,Complete,paypal,2025-08-13 17:16,2025-08-15 17:16
227,70,114,Sunscreen SPF50,Beauty,2,22.0,0.0,44.0,Shipped,mobile_payment,2025-08-14 09:41,2025-08-17 09:41
228,56,112,Scented Candle,Home & Kitchen,3,15.0,0.1,40.5,Complete,paypal,2025-08-15 07:40,2025-08-16 07:40
229,91,104,USB-C Hub,Electronics,2,39.0,0.0,78.0,Complete,bank_transfer,2025-08-15 20:39,2025-08-19 20:39
230,75,101,Wireless Earbuds,Electronics,1,79.0,0.1,71.1,Complete,credit_card,2025-08-16 17:33,2025-08-17 17:33
231,122,113,Vitamin C Serum,Beauty,1,35.0,0.0,35.0,Complete,bank_transfer,2025-08-16 18:47,2025-08-20 18:47
232,73,109,Ceramic Mug Set,Home & Kitchen,1,29.0,0.0,29.0,Complete,paypal,2025-08-17 17:38,2025-08-20 17:38
233,122,115,Hair Dryer,Beauty,1,119.0,0.1,107.1,Complete,credit_card,2025-08-17 22:42,2025-08-21 22:42
234,59,101,Wireless Earbuds,Electronics,3,79.0,0.2,189.6,Complete,credit_card,2025-08-18 02:29,2025-08-20 02:29
235,90,111,Air Fryer,Home & Kitchen,1,149.0,0.0,149.0,Complete,credit_card,2025-08-18 20:44,2025-08-20 20:44
236,4,117,Dumbbell Set,Sports,1,159.0,0.1,143.1,Complete,paypal,2025-08-19 01:30,2025-08-21 01:30
237,109,111,Air Fryer,Home & Kitchen,1,149.0,0.0,149.0,Complete,mobile_payment,2025-08-19 08:03,2025-08-22 08:03
238,98,121,Building Blocks,Toys,2,49.0,0.2,78.4,Complete,paypal,2025-08-21 01:19,2025-08-24 01:19
239,29,107,Running Shoes,Apparel,1,129.0,0.0,129.0,Shipped,credit_card,2025-08-21 02:01,2025-08-25 02:01
240,98,113,Vitamin C Serum,Beauty,1,35.0,0.0,35.0,Complete,credit_card,2025-08-22 02:49,2025-08-24 02:49
241,73,120,Cookbook,Books,1,32.0,0.2,25.6,Complete,mobile_payment,2025-08-22 20:34,2025-08-24 20:34
242,143,104,USB-C Hub,Electronics,2,39.0,0.1,70.2,Complete,paypal,2025-08-23 13:54,2025-08-25 13:54
243,122,117,Dumbbell Set,Sports,1,159.0,0.2,127.2,Complete,paypal,2025-08-24 14:17,2025-08-28 14:17
244,53,103,Bluetooth Speaker,Electronics,1,59.0,0.0,59.0,Shipped,mobile_payment,2025-08-26 16:58,2025-08-30 16:58
245,56,107,Running Shoes,Apparel,1,129.0,0.0,129.0,Complete,bank_transfer,2025-08-27 13:56,2025-08-29 13:56
246,88,104,USB-C Hub,Electronics,1,39.0,0.0,39.0,Cancelled,credit_card,2025-08-27 23:37,
247,119,118,Camping Tent,Sports,2,249.0,0.0,498.0,Complete,mobile_payment,2025-08-28 10:50,2025-08-30 10:50
248,52,108,Wool Sweater,Apparel,3,69.0,0.0,207.0,Complete,credit_card,2025-08-29 07:53,2025-08-31 07:53
249,91,115,Hair Dryer,Beauty,2,119.0,0.0,238.0,Complete,credit_card,2025-08-29 13:13,2025-09-02 13:13
250,51,114,Sunscreen SPF50,Beauty,2,22.0,0.0,44.0,Complete,bank_transfer,2025-08-30 07:27,2025-09-01 07:27
251,41,102,Smart Watch,Electronics,2,199.0,0.0,398.0,Complete,credit_card,2025-08-30 12:43,2025-09-02 12:43
252,9,116,Yoga Mat,Sports,1,45.0,0.0,45.0,Cancelled,paypal,2025-08-30 16:36,
253,127,112,Scented Candle,Home & Kitchen,1,15.0,0.0,15.0,Complete,credit_card,2025-08-31 08:37,2025-09-05 08:37
254,148,117,Dumbbell Set,Sports,1,159.0,0.2,127.2,Returned,mobile_payment,2025-08-31 11:02,2025-09-05 11:02
255,98,119,Mystery Novel,Books,1,14.0,0.0,14.0,Complete,mobile_payment,2025-08-31 12:27,2025-09-02 12:27
256,6,116,Yoga Mat,Sports,3,45.0,0.1,121.5,Shipped,bank_transfer,2025-09-01 10:52,2025-09-04 10:52
257,96,122,Board Game,Toys,1,39.0,0.0,39.0,Cancelled,bank_transfer,2025-09-01 11:27,
258,30,102,Smart Watch,Electronics,1,199.0,0.2,159.2,Complete,paypal,2025-09-02 14:39,2025-09-05 14:39
259,23,108,Wool Sweater,Apparel,1,69.0,0.1,62.1,Returned,paypal,2025-09-04 03:27,2025-09-05 03:27
260,121,112,Scented Candle,Home & Kitchen,1,15.0,0.0,15.0,Complete,mobile_payment,2025-09-04 09:34,2025-09-05 09:34
261,98,108,Wool Sweater,Apparel,1,69.0,0.1,62.1,Complete,bank_transfer,2025-09-04 17:41,2025-09-07 17:41
262,138,114,Sunscreen SPF50,Beauty,2,22.0,0.1,39.6,Complete,paypal,2025-09-05 06:05,2025-09-09 06:05
263,29,105,Cotton T-Shirt,Apparel,1,19.0,0.0,19.0,Complete,credit_card,2025-09-05 18:52,2025-09-07 18:52
264,38,112,Scented Candle,Home & Kitchen,2,15.0,0.0,30.0,Complete,bank_transfer,2025-09-06 08:38,2025-09-08 08:38
265,142,105,Cotton T-Shirt,Apparel,2,19.0,0.0,38.0,Complete,bank_transfer,2025-09-07 06:37,2025-09-09 06:37
266,86,116,Yoga Mat,Sports,4,45.0,0.0,180.0,Complete,mobile_payment,2025-09-08 18:48,2025-09-09 18:48
267,126,121,Building Blocks,Toys,3,49.0,0.0,147.0,Shipped,paypal,2025-09-09 23:41,2025-09-13 23:41
268,83,102,Smart Watch,Electronics,1,199.0,0.0,199.0,Complete,credit_card,2025-09-10 06:18,2025-09-15 06:18
269,39,119,Mystery Novel,Books,1,14.0,0.2,11.2,Complete,credit_card,2025-09-11 18:57,2025-09-12 18:57
270,118,110,Chef Knife,Home & Kitchen,1,99.0,0.0,99.0,Cancelled,credit_card,2025-09-12 03:53,
271,121,122,Board Game,Toys,2,39.0,0.0,78.0,Complete,paypal,2025-09-12 04:55,2025-09-16 04:55
272,36,104,USB-C Hub,Electronics,1,39.0,0.1,35.1,Complete,paypal,2025-09-13 03:00,2025-09-15 03:00
273,56,107,Running Shoes,Apparel,3,129.0,0.0,387.0,Complete,mobile_payment,2025-09-14 11:17,2025-09-19 11:17
274,108,121,Building Blocks,Toys,2,49.0,0.0,98.0,Complete,credit_card,2025-09-14 17:15,2025-09-19 17:15
275,33,119,Mystery Novel,Books,1,14.0,0.0,14.0,Complete,credit_card,2025-09-14 21:41,2025-09-17 21:41
276,82,106,Denim Jacket,Apparel,1,89.0,0.0,89.0,Complete,paypal,2025-09-15 04:28,2025-09-17 04:28
277,118,118,Camping Tent,Sports,1,249.0,0.0,249.0,Cancelled,bank_transfer,2025-09-15 08:42,
278,35,114,Sunscreen SPF50,Beauty,2,22.0,0.0,44.0,Complete,paypal,2025-09-15 17:12,2025-09-20 17:12
279,118,113,Vitamin C Serum,Beauty,3,35.0,0.1,94.5,Complete,credit_card,2025-09-15 22:33,2025-09-16 22:33
280,13,121,Building Blocks,Toys,1,49.0,0.0,49.0,Complete,mobile_payment,2025-09-17 20:21,2025-09-20 20:21
281,140,102,Smart Watch,Electronics,1,199.0,0.0,199.0,Cancelled,bank_transfer,2025-09-20 05:12,
282,86,103,Bluetooth Speaker,Electronics,1,59.0,0.0,59.0,Cancelled,credit_card,2025-09-20 07:30,
283,100,103,Bluetooth Speaker,Electronics,1,59.0,0.0,59.0,Complete,paypal,2025-09-21 10:03,2025-09-24 10:03
284,2,101,Wireless Earbuds,Electronics,1,79.0,0.0,79.0,Complete,mobile_payment,2025-09-21 12:41,2025-09-24 12:41
285,74,120,Cookbook,Books,2,32.0,0.1,57.6,Processing,paypal,2025-09-23 07:38,
286,65,104,USB-C Hub,Electronics,1,39.0,0.0,39.0,Cancelled,paypal,2025-09-23 14:01,
287,146,105,Cotton T-Shirt,Apparel,1,19.0,0.0,19.0,Complete,mobile_payment,2025-09-24 03:00,2025-09-28 03:00
288,66,112,Scented Candle,Home & Kitchen,1,15.0,0.0,15.0,Complete,paypal,2025-09-24 11:01,2025-09-27 11:01
289,75,116,Yoga Mat,Sports,1,45.0,0.0,45.0,Complete,credit_card,2025-09-24 23:39,2025-09-28 23:39
290,127,106,Denim Jacket,Apparel,1,89.0,0.0,89.0,Shipped,paypal,2025-09-25 05:04,2025-09-28 05:04
291,69,109,Ceramic Mug Set,Home & Kitchen,1,29.0,0.0,29.0,Shipped,credit_card,2025-09-26 01:09,2025-09-27 01:09
292,74,121,Building Blocks,Toys,2,49.0,0.0,98.0,Complete,credit_card,2025-09-26 13:11,2025-09-28 13:11
293,139,102,Smart Watch,Electronics,2,199.0,0.0,398.0,Complete,paypal,2025-09-27 11:52,2025-10-02 11:52
294,103,103,Bluetooth Speaker,Electronics,1,59.0,0.0,59.0,Complete,credit_card,2025-09-27 19:41,2025-10-02 19:41
295,132,121,Building Blocks,Toys,3,49.0,0.1,132.3,Complete,paypal,2025-09-28 02:25,2025-09-30 02:25
296,84,116,Yoga Mat,Sports,2,45.0,0.0,90.0,Returned,paypal,2025-09-28 03:52,2025-10-03 03:52
297,150,102,Smart Watch,Electronics,1,199.0,0.0,199.0,Complete,bank_transfer,2025-09-28 20:21,2025-10-02 20:21
298,64,118,Camping Tent,Sports,1,249.0,0.0,249.0,Complete,mobile_payment,2025-09-28 20:50,2025-09-30 20:50
299,81,117,Dumbbell Set,Sports,1,159.0,0.1,143.1,Shipped,mobile_payment,2025-09-28 23:31,2025-09-30 23:31
300,108,102,Smart Watch,Electronics,1,199.0,0.0,199.0,Complete,bank_transfer,2025-09-29 05:52,2025-10-04 05:52
301,148,121,Building Blocks,Toys,2,49.0,0.1,88.2,Complete,paypal,2025-09-29 07:46,2025-10-03 07:46
302,56,113,Vitamin C Serum,Beauty,1,35.0,0.0,35.0,Processing,credit_card,2025-09-29 08:30,
303,140,113,Vitamin C Serum,Beauty,1,35.0,0.0,35.0,Complete,mobile_payment,2025-09-29 19:41,2025-10-02 19:41
304,110,116,Yoga Mat,Sports,1,45.0,0.0,45.0,Complete,bank_transfer,2025-09-30 10:23,2025-10-03 10:23
305,97,116,Yoga Mat,Sports,1,45.0,0.2,36.0,Complete,mobile_payment,2025-10-01 18:24,2025-10-02 18:24
306,91,103,Bluetooth Speaker,Electronics,1,59.0,0.0,59.0,Complete,bank_transfer,2025-10-04 01:27,2025-10-06 01:27
307,96,114,Sunscreen SPF50,Beauty,2,22.0,0.1,39.6,Shipped,bank_transfer,2025-10-04 01:32,2025-10-05 01:32
308,17,115,Hair Dryer,Beauty,1,119.0,0.1,107.1,Complete,paypal,2025-10-04 03:07,2025-10-09 03:07
309,34,108,Wool Sweater,Apparel,2,69.0,0.0,138.0,Complete,credit_card,2025-10-04 12:32,2025-10-06 12:32
310,35,116,Yoga Mat,Sports,1,45.0,0.0,45.0,Complete,bank_transfer,2025-10-04 20:46,2025-10-08 20:46
311,92,112,Scented Candle,Home & Kitchen,1,15.0,0.1,13.5,Complete,paypal,2025-10-05 09:18,2025-10-06 09:18
312,70,121,Building Blocks,Toys,3,49.0,0.0,147.0,Cancelled,bank_transfer,2025-10-05 21:54,
313,150,115,Hair Dryer,Beauty,1,119.0,0.0,119.0,Complete,mobile_payment,2025-10-06 18:36,2025-10-09 18:36
314,13,120,Cookbook,Books,2,32.0,0.0,64.0,Complete,credit_card,2025-10-06 21:57,2025-10-08 21:57
315,150,119,Mystery Novel,Books,3,14.0,0.0,42.0,Shipped,mobile_payment,2025-10-07 00:33,2025-10-09 00:33
316,36,118,Camping Tent,Sports,1,249.0,0.0,249.0,Processing,bank_transfer,2025-10-07 06:11,
317,110,103,Bluetooth Speaker,Electronics,1,59.0,0.0,59.0,Shipped,bank_transfer,2025-10-07 06:22,2025-10-10 06:22
318,92,113,Vitamin C Serum,Beauty,1,35.0,0.0,35.0,Complete,paypal,2025-10-07 10:03,2025-10-09 10:03
319,150,109,Ceramic Mug Set,Home & Kitchen,2,29.0,0.0,58.0,Shipped,paypal,2025-10-07 12:29,2025-10-09 12:29
320,66,104,USB-C Hub,Electronics,1,39.0,0.0,39.0,Complete,bank_transfer,2025-10-07 22:11,2025-10-10 22:11
321,56,113,Vitamin C Serum,Beauty,2,35.0,0.0,70.0,Complete,mobile_payment,2025-10-09 14:19,2025-10-14 14:19
322,30,104,USB-C Hub,Electronics,1,39.0,0.0,39.0,Complete,credit_card,2025-10-10 08:36,2025-10-14 08:36
323,64,116,Yoga Mat,Sports,2,45.0,0.0,90.0,Complete,paypal,2025-10-10 23:40,2025-10-15 23:40
324,150,112,Scented Candle,Home & Kitchen,1,15.0,0.0,15.0,Processing,credit_card,2025-10-12 07:16,
325,23,103,Bluetooth Speaker,Electronics,1,59.0,0.0,59.0,Complete,credit_card,2025-10-12 16:25,2025-10-15 16:25
326,40,103,Bluetooth Speaker,Electronics,1,59.0,0.0,59.0,Complete,bank_transfer,2025-10-12 17:20,2025-10-13 17:20
327,92,101,Wireless Earbuds,Electronics,2,79.0,0.0,158.0,Complete,paypal,2025-10-13 06:45,2025-10-18 06:45
328,88,115,Hair Dryer,Beauty,1,119.0,0.0,119.0,Complete,paypal,2025-10-15 07:56,2025-10-17 07:56
329,131,120,Cookbook,Books,3,32.0,0.0,96.0,Complete,paypal,2025-10-15 23:14,2025-10-16 23:14
330,126,104,USB-C Hub,Electronics,1,39.0,0.0,39.0,Complete,credit_card,2025-10-16 04:03,2025-10-20 04:03
331,13,118,Camping Tent,Sports,1,249.0,0.0,249.0,Cancelled,mobile_payment,2025-10-16 05:20,
332,38,122,Board Game,Toys,1,39.0,0.0,39.0,Returned,mobile_payment,2025-10-17 00:18,2025-10-19 00:18
333,68,104,USB-C Hub,Electronics,1,39.0,0.0,39.0,Complete,bank_transfer,2025-10-17 16:12,2025-10-21 16:12
334,121,103,Bluetooth Speaker,Electronics,1,59.0,0.0,59.0,Complete,paypal,2025-10-18 15:10,2025-10-22 15:10
335,115,112,Scented Candle,Home & Kitchen,1,15.0,0.0,15.0,Complete,paypal,2025-10-19 02:24,2025-10-23 02:24
336,92,105,Cotton T-Shirt,Apparel,1,19.0,0.0,19.0,Complete,credit_card,2025-10-19 06:21,2025-10-24 06:21
337,131,121,Building Blocks,Toys,1,49.0,0.2,39.2,Complete,credit_card,2025-10-20 03:57,2025-10-25 03:57
338,87,111,Air Fryer,Home & Kitchen,1,149.0,0.1,134.1,Complete,paypal,2025-10-20 19:19,2025-10-24 19:19
339,23,111,Air Fryer,Home & Kitchen,1,149.0,0.0,149.0,Complete,paypal,2025-10-22 20:36,2025-10-23 20:36
340,123,122,Board Game,Toys,1,39.0,0.0,39.0,Complete,paypal,2025-10-24 16:54,2025-10-27 16:54
341,66,103,Bluetooth Speaker,Electronics,1,59.0,0.0,59.0,Complete,bank_transfer,2025-10-25 23:30,2025-10-30 23:30
342,84,111,Air Fryer,Home & Kitchen,3,149.0,0.0,447.0,Complete,paypal,2025-10-26 10:28,2025-10-27 10:28
343,134,101,Wireless Earbuds,Electronics,3,79.0,0.0,237.0,Complete,bank_transfer,2025-10-26 20:21,2025-10-29 20:21
344,149,119,Mystery Novel,Books,1,14.0,0.0,14.0,Complete,bank_transfer,2025-10-27 04:20,2025-10-29 04:20
345,135,104,USB-C Hub,Electronics,2,39.0,0.0,78.0,Complete,credit_card,2025-10-27 13:33,2025-10-29 13:33
346,150,104,USB-C Hub,Electronics,1,39.0,0.0,39.0,Complete,credit_card,2025-10-28 07:30,2025-10-29 07:30
347,134,120,Cookbook,Books,1,32.0,0.0,32.0,Processing,credit_card,2025-10-28 18:50,
348,132,115,Hair Dryer,Beauty,2,119.0,0.0,238.0,Complete,paypal,2025-10-29 09:53,2025-11-01 09:53
349,71,103,Bluetooth Speaker,Electronics,2,59.0,0.2,94.4,Cancelled,bank_transfer,2025-10-29 13:44,
350,132,103,Bluetooth Speaker,Electronics,2,59.0,0.0,118.0,Complete,paypal,2025-10-29 23:43,2025-10-30 23:43
351,40,108,Wool Sweater,Apparel,1,69.0,0.0,69.0,Returned,mobile_payment,2025-10-30 14:47,2025-11-02 14:47
352,20,117,Dumbbell Set,Sports,1,159.0,0.1,143.1,Complete,paypal,2025-10-30 18:03,2025-11-01 18:03
353,114,113,Vitamin C Serum,Beauty,1,35.0,0.0,35.0,Complete,bank_transfer,2025-10-31 23:56,2025-11-03 23:56
354,87,109,Ceramic Mug Set,Home & Kitchen,2,29.0,0.0,58.0,Cancelled,mobile_payment,2025-11-01 00:11,
355,105,106,Denim Jacket,Apparel,3,89.0,0.0,267.0,Cancelled,mobile_payment,2025-11-01 01:17,
356,119,102,Smart Watch,Electronics,1,199.0,0.0,199.0,Complete,bank_transfer,2025-11-01 06:21,2025-11-04 06:21
357,34,109,Ceramic Mug Set,Home & Kitchen,2,29.0,0.0,58.0,Complete,paypal,2025-11-01 08:51,2025-11-02 08:51
358,111,106,Denim Jacket,Apparel,1,89.0,0.0,89.0,Cancelled,paypal,2025-11-01 14:24,
359,150,105,Cotton T-Shirt,Apparel,1,19.0,0.0,19.0,Complete,bank_transfer,2025-11-01 22:20,2025-11-06 22:20
360,149,117,Dumbbell Set,Sports,2,159.0,0.0,318.0,Complete,bank_transfer,2025-11-02 05:42,2025-11-07 05:42
361,149,101,Wireless Earbuds,Electronics,1,79.0,0.2,63.2,Cancelled,paypal,2025-11-02 18:45,
362,24,108,Wool Sweater,Apparel,1,69.0,0.0,69.0,Returned,paypal,2025-11-03 13:01,2025-11-06 13:01
363,24,112,Scented Candle,Home & Kitchen,1,15.0,0.0,15.0,Complete,credit_card,2025-11-03 15:42,2025-11-07 15:42
364,102,107,Running Shoes,Apparel,1,129.0,0.0,129.0,Shipped,paypal,2025-11-04 10:18,2025-11-08 10:18
365,86,119,Mystery Novel,Books,1,14.0,0.1,12.6,Processing,mobile_payment,2025-11-04 11:56,
366,72,104,USB-C Hub,Electronics,2,39.0,0.0,78.0,Complete,bank_transfer,2025-11-04 13:13,2025-11-07 13:13
367,64,105,Cotton T-Shirt,Apparel,2,19.0,0.0,38.0,Complete,credit_card,2025-11-04 16:27,2025-11-05 16:27
368,77,118,Camping Tent,Sports,1,249.0,0.1,224.1,Processing,credit_card,2025-11-04 22:09,
369,108,107,Running Shoes,Apparel,1,129.0,0.1,116.1,Complete,credit_card,2025-11-05 04:38,2025-11-09 04:38
370,33,107,Running Shoes,Apparel,1,129.0,0.0,129.0,Complete,bank_transfer,2025-11-05 06:26,2025-11-08 06:26
371,101,107,Running Shoes,Apparel,1,129.0,0.0,129.0,Complete,mobile_payment,2025-11-05 09:41,2025-11-07 09:41
372,19,116,Yoga Mat,Sports,2,45.0,0.0,90.0,Complete,credit_card,2025-11-05 22:20,2025-11-07 22:20
373,85,121,Building Blocks,Toys,1,49.0,0.0,49.0,Complete,mobile_payment,2025-11-06 01:29,2025-11-11 01:29
374,71,122,Board Game,Toys,1,39.0,0.0,39.0,Cancelled,paypal,2025-11-06 01:35,
375,18,121,Building Blocks,Toys,1,49.0,0.0,49.0,Cancelled,paypal,2025-11-06 04:11,
376,78,104,USB-C Hub,Electronics,1,39.0,0.2,31.2,Complete,paypal,2025-11-06 15:07,2025-11-11 15:07
377,108,101,Wireless Earbuds,Electronics,2,79.0,0.0,158.0,Cancelled,bank_transfer,2025-11-07 01:59,
378,49,121,Building Blocks,Toys,3,49.0,0.0,147.0,Complete,bank_transfer,2025-11-07 03:08,2025-11-12 03:08
379,67,118,Camping Tent,Sports,1,249.0,0.0,249.0,Complete,credit_card,2025-11-07 11:43,2025-11-12 11:43
380,118,114,Sunscreen SPF50,Beauty,1,22.0,0.0,22.0,Complete,mobile_payment,2025-11-07 16:50,2025-11-08 16:50
381,94,121,Building Blocks,Toys,4,49.0,0.0,196.0,Returned,mobile_payment,2025-11-07 17:54,2025-11-08 17:54
382,53,115,Hair Dryer,Beauty,1,119.0,0.0,119.0,Complete,paypal,2025-11-08 04:23,2025-11-10 04:23
383,23,114,Sunscreen SPF50,Beauty,2,22.0,0.1,39.6,Complete,mobile_payment,2025-11-08 18:00,2025-11-13 18:00
384,81,103,Bluetooth Speaker,Electronics,3,59.0,0.0,177.0,Complete,credit_card,2025-11-09 02:40,2025-11-11 02:40
385,132,112,Scented Candle,Home & Kitchen,1,15.0,0.1,13.5,Complete,bank_transfer,2025-11-09 04:10,2025-11-14 04:10
386,115,113,Vitamin C Serum,Beauty,1,35.0,0.0,35.0,Complete,credit_card,2025-11-09 11:19,2025-11-11 11:19
387,18,120,Cookbook,Books,1,32.0,0.1,28.8,Complete,bank_transfer,2025-11-09 12:35,2025-11-12 12:35
388,118,106,Denim Jacket,Apparel,1,89.0,0.0,89.0,Complete,mobile_payment,2025-11-09 21:55,2025-11-14 21:55
389,64,108,Wool Sweater,Apparel,1,69.0,0.2,55.2,Complete,paypal,2025-11-11 01:12,2025-11-12 01:12
390,84,122,Board Game,Toys,1,39.0,0.0,39.0,Complete,mobile_payment,2025-11-11 05:01,2025-11-14 05:01
391,34,115,Hair Dryer,Beauty,1,119.0,0.0,119.0,Complete,credit_card,2025-11-12 06:00,2025-11-15 06:00
392,144,114,Sunscreen SPF50,Beauty,1,22.0,0.0,22.0,Complete,mobile_payment,2025-11-12 09:54,2025-11-13 09:54
393,86,118,Camping Tent,Sports,1,249.0,0.0,249.0,Shipped,credit_card,2025-11-12 10:25,2025-11-17 10:25
394,23,111,Air Fryer,Home & Kitchen,2,149.0,0.0,298.0,Complete,bank_transfer,2025-11-12 15:56,2025-11-16 15:56
395,56,101,Wireless Earbuds,Electronics,1,79.0,0.1,71.1,Complete,credit_card,2025-11-12 18:04,2025-11-15 18:04
396,34,110,Chef Knife,Home & Kitchen,2,99.0,0.2,158.4,Complete,credit_card,2025-11-12 20:11,2025-11-15 20:11
397,78,104,USB-C Hub,Electronics,1,39.0,0.1,35.1,Complete,bank_transfer,2025-11-12 22:44,2025-11-14 22:44
398,85,104,USB-C Hub,Electronics,1,39.0,0.0,39.0,Complete,bank_transfer,2025-11-12 23:34,2025-11-17 23:34
399,84,118,Camping Tent,Sports,1,249.0,0.0,249.0,Complete,credit_card,2025-11-13 12:00,2025-11-17 12:00
400,84,102,Smart Watch,Electronics,2,199.0,0.1,358.2,Returned,bank_transfer,2025-11-13 15:29,2025-11-18 15:29
401,3,121,Building Blocks,Toys,1,49.0,0.0,49.0,Complete,mobile_payment,2025-11-13 16:29,2025-11-18 16:29
402,135,121,Building Blocks,Toys,2,49.0,0.1,88.2,Complete,bank_transfer,2025-11-14 02:41,2025-11-19 02:41
403,123,111,Air Fryer,Home & Kitchen,1,149.0,0.0,149.0,Complete,bank_transfer,2025-11-14 20:17,2025-11-15 20:17
404,109,115,Hair Dryer,Beauty,1,119.0,0.2,95.2,Complete,bank_transfer,2025-11-14 20:57,2025-11-16 20:57
405,85,102,Smart Watch,Electronics,1,199.0,0.0,199.0,Processing,bank_transfer,2025-11-15 09:47,
406,139,122,Board Game,Toys,4,39.0,0.0,156.0,Complete,credit_card,2025-11-15 18:19,2025-11-18 18:19
407,75,118,Camping Tent,Sports,1,249.0,0.0,249.0,Complete,paypal,2025-11-15 18:50,2025-11-20 18:50
408,80,118,Camping Tent,Sports,2,249.0,0.0,498.0,Complete,paypal,2025-11-15 19:21,2025-11-16 19:21
409,107,119,Mystery Novel,Books,1,14.0,0.0,14.0,Complete,paypal,2025-11-17 09:07,2025-11-20 09:07
410,26,112,Scented Candle,Home & Kitchen,1,15.0,0.0,15.0,Complete,paypal,2025-11-17 21:52,2025-11-18 21:52
411,72,105,Cotton T-Shirt,Apparel,1,19.0,0.2,15.2,Cancelled,bank_transfer,2025-11-17 23:23,
412,68,115,Hair Dryer,Beauty,2,119.0,0.0,238.0,Cancelled,paypal,2025-11-18 10:58,
413,94,103,Bluetooth Speaker,Electronics,3,59.0,0.0,177.0,Cancelled,mobile_payment,2025-11-18 21:42,
414,93,104,USB-C Hub,Electronics,1,39.0,0.0,39.0,Complete,credit_card,2025-11-18 22:18,2025-11-19 22:18
415,3,120,Cookbook,Books,1,32.0,0.0,32.0,Complete,mobile_payment,2025-11-19 15:08,2025-11-23 15:08
416,64,114,Sunscreen SPF50,Beauty,1,22.0,0.2,17.6,Complete,mobile_payment,2025-11-20 02:17,2025-11-21 02:17
417,122,109,Ceramic Mug Set,Home & Kitchen,3,29.0,0.0,87.0,Complete,mobile_payment,2025-11-20 03:31,2025-11-23 03:31
418,46,106,Denim Jacket,Apparel,2,89.0,0.0,178.0,Complete,bank_transfer,2025-11-20 10:40,2025-11-24 10:40
419,71,103,Bluetooth Speaker,Electronics,1,59.0,0.0,59.0,Complete,bank_transfer,2025-11-20 18:03,2025-11-21 18:03
420,115,120,Cookbook,Books,2,32.0,0.0,64.0,Complete,paypal,2025-11-21 10:07,2025-11-26 10:07
421,87,119,Mystery Novel,Books,2,14.0,0.2,22.4,Complete,paypal,2025-11-23 03:46,2025-11-24 03:46
422,15,101,Wireless Earbuds,Electronics,3,79.0,0.1,213.3,Complete,paypal,2025-11-23 15:33,2025-11-28 15:33
423,3,107,Running Shoes,Apparel,2,129.0,0.0,258.0,Complete,mobile_payment,2025-11-23 23:54,2025-11-25 23:54
424,84,105,Cotton T-Shirt,Apparel,1,19.0,0.0,19.0,Complete,paypal,2025-11-24 09:12,2025-11-27 09:12
425,99,113,Vitamin C Serum,Beauty,3,35.0,0.2,84.0,Shipped,bank_transfer,2025-11-25 08:34,2025-11-26 08:34
426,6,113,Vitamin C Serum,Beauty,1,35.0,0.0,35.0,Complete,bank_transfer,2025-11-25 10:27,2025-11-26 10:27
427,49,122,Board Game,Toys,4,39.0,0.1,140.4,Complete,paypal,2025-11-25 16:43,2025-11-30 16:43
428,86,107,Running Shoes,Apparel,2,129.0,0.0,258.0,Complete,paypal,2025-11-26 02:07,2025-11-30 02:07
429,73,108,Wool Sweater,Apparel,1,69.0,0.2,55.2,Complete,bank_transfer,2025-11-27 02:16,2025-12-02 02:16
430,24,103,Bluetooth Speaker,Electronics,1,59.0,0.0,59.0,Complete,credit_card,2025-11-27 12:16,2025-12-01 12:16
431,120,114,Sunscreen SPF50,Beauty,1,22.0,0.0,22.0,Complete,paypal,2025-11-27 15:23,2025-11-28 15:23
432,92,105,Cotton T-Shirt,Apparel,2,19.0,0.0,38.0,Complete,bank_transfer,2025-11-28 14:39,2025-11-29 14:39
433,85,106,Denim Jacket,Apparel,1,89.0,0.0,89.0,Complete,bank_transfer,2025-11-28 22:59,2025-11-30 22:59
434,115,121,Building Blocks,Toys,2,49.0,0.0,98.0,Cancelled,bank_transfer,2025-11-29 03:04,
435,35,121,Building Blocks,Toys,2,49.0,0.0,98.0,Complete,mobile_payment,2025-11-29 10:11,2025-12-02 10:11
436,45,116,Yoga Mat,Sports,1,45.0,0.0,45.0,Complete,bank_transfer,2025-11-29 14:58,2025-12-04 14:58
437,87,116,Yoga Mat,Sports,4,45.0,0.0,180.0,Returned,paypal,2025-11-30 03:29,2025-12-02 03:29
438,29,122,Board Game,Toys,3,39.0,0.0,117.0,Complete,paypal,2025-11-30 10:14,2025-12-04 10:14
439,105,103,Bluetooth Speaker,Electronics,2,59.0,0.0,118.0,Cancelled,bank_transfer,2025-11-30 12:14,
440,52,113,Vitamin C Serum,Beauty,1,35.0,0.2,28.0,Complete,credit_card,2025-11-30 18:34,2025-12-05 18:34
441,139,121,Building Blocks,Toys,1,49.0,0.0,49.0,Complete,credit_card,2025-12-01 12:27,2025-12-03 12:27
442,101,108,Wool Sweater,Apparel,1,69.0,0.0,69.0,Complete,credit_card,2025-12-01 14:48,2025-12-06 14:48
443,48,101,Wireless Earbuds,Electronics,2,79.0,0.0,158.0,Shipped,credit_card,2025-12-01 20:28,2025-12-03 20:28
444,122,109,Ceramic Mug Set,Home & Kitchen,1,29.0,0.0,29.0,Complete,mobile_payment,2025-12-01 21:07,2025-12-06 21:07
445,26,107,Running Shoes,Apparel,2,129.0,0.0,258.0,Complete,credit_card,2025-12-02 04:45,2025-12-06 04:45
446,80,113,Vitamin C Serum,Beauty,1,35.0,0.0,35.0,Complete,mobile_payment,2025-12-02 21:53,2025-12-07 21:53
447,97,102,Smart Watch,Electronics,1,199.0,0.0,199.0,Complete,mobile_payment,2025-12-05 12:52,2025-12-09 12:52
448,8,112,Scented Candle,Home & Kitchen,1,15.0,0.0,15.0,Complete,mobile_payment,2025-12-06 10:24,2025-12-08 10:24
449,42,102,Smart Watch,Electronics,1,199.0,0.2,159.2,Complete,paypal,2025-12-06 21:18,2025-12-11 21:18
450,23,108,Wool Sweater,Apparel,1,69.0,0.0,69.0,Complete,mobile_payment,2025-12-06 22:42,2025-12-09 22:42
451,95,120,Cookbook,Books,1,32.0,0.2,25.6,Complete,paypal,2025-12-07 17:02,2025-12-10 17:02
452,18,105,Cotton T-Shirt,Apparel,2,19.0,0.0,38.0,Complete,mobile_payment,2025-12-07 18:00,2025-12-09 18:00
453,17,108,Wool Sweater,Apparel,3,69.0,0.1,186.3,Complete,mobile_payment,2025-12-07 20:21,2025-12-11 20:21
454,42,114,Sunscreen SPF50,Beauty,3,22.0,0.1,59.4,Complete,mobile_payment,2025-12-07 22:16,2025-12-10 22:16
455,70,117,Dumbbell Set,Sports,1,159.0,0.0,159.0,Complete,credit_card,2025-12-07 22:39,2025-12-09 22:39
456,80,102,Smart Watch,Electronics,1,199.0,0.1,179.1,Shipped,bank_transfer,2025-12-08 00:36,2025-12-10 00:36
457,94,102,Smart Watch,Electronics,1,199.0,0.1,179.1,Complete,credit_card,2025-12-10 01:07,2025-12-14 01:07
458,134,114,Sunscreen SPF50,Beauty,3,22.0,0.0,66.0,Shipped,credit_card,2025-12-10 09:36,2025-12-13 09:36
459,79,108,Wool Sweater,Apparel,1,69.0,0.0,69.0,Cancelled,bank_transfer,2025-12-10 13:50,
460,78,102,Smart Watch,Electronics,1,199.0,0.0,199.0,Complete,mobile_payment,2025-12-11 03:17,2025-12-14 03:17
461,19,114,Sunscreen SPF50,Beauty,2,22.0,0.0,44.0,Complete,bank_transfer,2025-12-12 02:10,2025-12-15 02:10
462,34,116,Yoga Mat,Sports,2,45.0,0.1,81.0,Complete,mobile_payment,2025-12-12 04:32,2025-12-16 04:32
463,3,113,Vitamin C Serum,Beauty,1,35.0,0.0,35.0,Complete,bank_transfer,2025-12-14 05:05,2025-12-18 05:05
464,145,120,Cookbook,Books,1,32.0,0.0,32.0,Complete,bank_transfer,2025-12-14 05:57,2025-12-16 05:57
465,136,106,Denim Jacket,Apparel,1,89.0,0.0,89.0,Cancelled,bank_transfer,2025-12-14 16:12,
466,148,117,Dumbbell Set,Sports,3,159.0,0.1,429.3,Complete,mobile_payment,2025-12-15 08:44,2025-12-19 08:44
467,146,119,Mystery Novel,Books,1,14.0,0.2,11.2,Complete,credit_card,2025-12-15 10:34,2025-12-17 10:34
468,85,116,Yoga Mat,Sports,2,45.0,0.2,72.0,Returned,bank_transfer,2025-12-16 18:36,2025-12-21 18:36
469,47,120,Cookbook,Books,3,32.0,0.0,96.0,Complete,credit_card,2025-12-16 20:00,2025-12-20 20:00
470,75,120,Cookbook,Books,2,32.0,0.0,64.0,Complete,paypal,2025-12-17 09:31,2025-12-21 09:31
471,99,113,Vitamin C Serum,Beauty,1,35.0,0.0,35.0,Complete,paypal,2025-12-17 22:54,2025-12-21 22:54
472,118,102,Smart Watch,Electronics,1,199.0,0.0,199.0,Cancelled,paypal,2025-12-18 00:07,
473,96,116,Yoga Mat,Sports,1,45.0,0.0,45.0,Complete,paypal,2025-12-18 11:54,2025-12-22 11:54
474,144,117,Dumbbell Set,Sports,1,159.0,0.0,159.0,Cancelled,credit_card,2025-12-18 22:53,
475,142,114,Sunscreen SPF50,Beauty,4,22.0,0.0,88.0,Complete,mobile_payment,2025-12-19 01:53,2025-12-24 01:53
476,95,121,Building Blocks,Toys,1,49.0,0.0,49.0,Cancelled,bank_transfer,2025-12-19 02:45,
477,42,105,Cotton T-Shirt,Apparel,1,19.0,0.0,19.0,Complete,mobile_payment,2025-12-19 17:19,2025-12-20 17:19
478,120,115,Hair Dryer,Beauty,1,119.0,0.0,119.0,Complete,bank_transfer,2025-12-20 07:14,2025-12-25 07:14
479,28,105,Cotton T-Shirt,Apparel,2,19.0,0.0,38.0,Complete,mobile_payment,2025-12-20 10:15,2025-12-23 10:15
480,43,109,Ceramic Mug Set,Home & Kitchen,2,29.0,0.0,58.0,Complete,paypal,2025-12-20 14:25,2025-12-24 14:25
481,144,122,Board Game,Toys,4,39.0,0.1,140.4,Complete,mobile_payment,2025-12-20 19:38,2025-12-21 19:38
482,136,122,Board Game,Toys,3,39.0,0.1,105.3,Complete,paypal,2025-12-20 21:38,2025-12-24 21:38
483,85,107,Running Shoes,Apparel,1,129.0,0.0,129.0,Complete,credit_card,2025-12-20 23:24,2025-12-22 23:24
484,94,108,Wool Sweater,Apparel,2,69.0,0.0,138.0,Complete,credit_card,2025-12-22 13:16,2025-12-23 13:16
485,85,120,Cookbook,Books,1,32.0,0.1,28.8,Complete,mobile_payment,2025-12-22 18:47,2025-12-24 18:47
486,142,115,Hair Dryer,Beauty,1,119.0,0.1,107.1,Complete,bank_transfer,2025-12-23 05:04,2025-12-27 05:04
487,79,112,Scented Candle,Home & Kitchen,1,15.0,0.0,15.0,Complete,paypal,2025-12-23 05:22,2025-12-27 05:22
488,61,103,Bluetooth Speaker,Electronics,1,59.0,0.2,47.2,Shipped,mobile_payment,2025-12-23 06:51,2025-12-26 06:51
489,73,113,Vitamin C Serum,Beauty,1,35.0,0.0,35.0,Complete,mobile_payment,2025-12-23 22:59,2025-12-28 22:59
490,55,102,Smart Watch,Electronics,1,199.0,0.0,199.0,Complete,bank_transfer,2025-12-24 07:41,2025-12-26 07:41
491,55,110,Chef Knife,Home & Kitchen,1,99.0,0.2,79.2,Shipped,paypal,2025-12-24 10:01,2025-12-27 10:01
492,36,122,Board Game,Toys,2,39.0,0.0,78.0,Complete,credit_card,2025-12-25 22:24,2025-12-27 22:24
493,85,102,Smart Watch,Electronics,1,199.0,0.0,199.0,Complete,bank_transfer,2025-12-26 01:10,2025-12-30 01:10
494,148,106,Denim Jacket,Apparel,1,89.0,0.0,89.0,Complete,bank_transfer,2025-12-26 04:32,2025-12-27 04:32
495,114,121,Building Blocks,Toys,2,49.0,0.1,88.2,Cancelled,paypal,2025-12-26 06:05,
496,38,121,Building Blocks,Toys,2,49.0,0.0,98.0,Complete,credit_card,2025-12-26 08:12,2025-12-28 08:12
497,18,115,Hair Dryer,Beauty,2,119.0,0.1,214.2,Complete,paypal,2025-12-26 13:43,2025-12-29 13:43
498,125,101,Wireless Earbuds,Electronics,1,79.0,0.0,79.0,Cancelled,paypal,2025-12-27 13:21,
499,96,118,Camping Tent,Sports,4,249.0,0.0,996.0,Complete,paypal,2025-12-27 13:48,2025-12-30 13:48
500,3,121,Building Blocks,Toys,1,49.0,0.0,49.0,Complete,paypal,2025-12-27 14:57,2026-01-01 14:57
501,130,117,Dumbbell Set,Sports,2,159.0,0.0,318.0,Complete,credit_card,2025-12-27 18:04,2026-01-01 18:04
502,139,118,Camping Tent,Sports,1,249.0,0.1,224.1,Complete,credit_card,2025-12-27 20:03,2025-12-28 20:03
503,107,119,Mystery Novel,Books,1,14.0,0.0,14.0,Cancelled,bank_transfer,2025-12-27 21:47,
504,119,121,Building Blocks,Toys,1,49.0,0.1,44.1,Complete,credit_card,2025-12-27 22:30,2025-12-29 22:30
505,2,112,Scented Candle,Home & Kitchen,1,15.0,0.0,15.0,Complete,paypal,2025-12-28 16:56,2025-12-30 16:56
506,18,116,Yoga Mat,Sports,1,45.0,0.0,45.0,Complete,mobile_payment,2025-12-29 01:26,2026-01-01 01:26
507,128,105,Cotton T-Shirt,Apparel,1,19.0,0.0,19.0,Complete,paypal,2025-12-29 15:51,2026-01-03 15:51
508,138,114,Sunscreen SPF50,Beauty,1,22.0,0.1,19.8,Complete,credit_card,2025-12-30 09:20,2026-01-04 09:20
509,3,110,Chef Knife,Home & Kitchen,1,99.0,0.0,99.0,Complete,mobile_payment,2025-12-30 13:43,2026-01-01 13:43
510,92,106,Denim Jacket,Apparel,1,89.0,0.0,89.0,Complete,paypal,2025-12-30 18:01,2026-01-02 18:01
511,100,101,Wireless Earbuds,Electronics,1,79.0,0.0,79.0,Complete,bank_transfer,2026-01-01 06:29,2026-01-04 06:29
512,80,102,Smart Watch,Electronics,2,199.0,0.0,398.0,Cancelled,credit_card,2026-01-01 18:05,
513,57,120,Cookbook,Books,2,32.0,0.1,57.6,Returned,bank_transfer,2026-01-02 07:31,2026-01-03 07:31
514,47,106,Denim Jacket,Apparel,2,89.0,0.1,160.2,Complete,paypal,2026-01-03 09:06,2026-01-06 09:06
515,32,102,Smart Watch,Electronics,1,199.0,0.0,199.0,Complete,credit_card,2026-01-03 14:05,2026-01-08 14:05
516,34,120,Cookbook,Books,1,32.0,0.0,32.0,Complete,mobile_payment,2026-01-03 15:58,2026-01-07 15:58
517,145,116,Yoga Mat,Sports,1,45.0,0.0,45.0,Complete,credit_card,2026-01-03 16:20,2026-01-05 16:20
518,140,103,Bluetooth Speaker,Electronics,1,59.0,0.0,59.0,Shipped,credit_card,2026-01-03 20:05,2026-01-05 20:05
519,23,108,Wool Sweater,Apparel,2,69.0,0.2,110.4,Complete,mobile_payment,2026-01-04 08:49,2026-01-08 08:49
520,95,102,Smart Watch,Electronics,1,199.0,0.0,199.0,Complete,credit_card,2026-01-04 12:52,2026-01-08 12:52
521,144,122,Board Game,Toys,1,39.0,0.0,39.0,Cancelled,credit_card,2026-01-04 14:00,
522,73,114,Sunscreen SPF50,Beauty,1,22.0,0.0,22.0,Complete,credit_card,2026-01-05 11:22,2026-01-09 11:22
523,14,112,Scented Candle,Home & Kitchen,2,15.0,0.0,30.0,Complete,mobile_payment,2026-01-05 12:40,2026-01-07 12:40
524,71,119,Mystery Novel,Books,1,14.0,0.0,14.0,Complete,paypal,2026-01-06 06:37,2026-01-07 06:37
525,138,114,Sunscreen SPF50,Beauty,2,22.0,0.0,44.0,Complete,mobile_payment,2026-01-06 13:36,2026-01-09 13:36
526,144,103,Bluetooth Speaker,Electronics,3,59.0,0.0,177.0,Complete,paypal,2026-01-06 18:22,2026-01-09 18:22
527,112,103,Bluetooth Speaker,Electronics,1,59.0,0.0,59.0,Complete,bank_transfer,2026-01-06 18:25,2026-01-10 18:25
528,75,112,Scented Candle,Home & Kitchen,1,15.0,0.0,15.0,Complete,credit_card,2026-01-07 14:12,2026-01-10 14:12
529,84,122,Board Game,Toys,1,39.0,0.1,35.1,Complete,credit_card,2026-01-08 14:31,2026-01-12 14:31
530,102,103,Bluetooth Speaker,Electronics,1,59.0,0.2,47.2,Complete,paypal,2026-01-09 18:06,2026-01-12 18:06
531,138,103,Bluetooth Speaker,Electronics,2,59.0,0.0,118.0,Complete,mobile_payment,2026-01-10 03:29,2026-01-13 03:29
532,53,121,Building Blocks,Toys,1,49.0,0.0,49.0,Complete,mobile_payment,2026-01-10 04:21,2026-01-11 04:21
533,133,119,Mystery Novel,Books,2,14.0,0.1,25.2,Returned,mobile_payment,2026-01-10 08:24,2026-01-12 08:24
534,108,104,USB-C Hub,Electronics,3,39.0,0.0,117.0,Cancelled,credit_card,2026-01-10 16:59,
535,146,113,Vitamin C Serum,Beauty,1,35.0,0.0,35.0,Complete,credit_card,2026-01-10 17:12,2026-01-13 17:12
536,95,105,Cotton T-Shirt,Apparel,1,19.0,0.0,19.0,Complete,mobile_payment,2026-01-11 16:25,2026-01-16 16:25
537,95,112,Scented Candle,Home & Kitchen,1,15.0,0.0,15.0,Complete,paypal,2026-01-12 01:41,2026-01-16 01:41
538,1,111,Air Fryer,Home & Kitchen,3,149.0,0.0,447.0,Complete,mobile_payment,2026-01-12 09:03,2026-01-14 09:03
539,24,120,Cookbook,Books,1,32.0,0.0,32.0,Complete,paypal,2026-01-13 01:32,2026-01-17 01:32
540,95,119,Mystery Novel,Books,2,14.0,0.0,28.0,Complete,paypal,2026-01-13 07:43,2026-01-17 07:43
541,135,116,Yoga Mat,Sports,4,45.0,0.0,180.0,Complete,credit_card,2026-01-13 08:29,2026-01-18 08:29
542,22,111,Air Fryer,Home & Kitchen,2,149.0,0.0,298.0,Complete,credit_card,2026-01-14 01:09,2026-01-19 01:09
543,125,106,Denim Jacket,Apparel,1,89.0,0.0,89.0,Complete,bank_transfer,2026-01-14 05:51,2026-01-15 05:51
544,102,103,Bluetooth Speaker,Electronics,1,59.0,0.0,59.0,Complete,credit_card,2026-01-15 10:41,2026-01-16 10:41
545,8,109,Ceramic Mug Set,Home & Kitchen,2,29.0,0.0,58.0,Complete,credit_card,2026-01-16 10:51,2026-01-21 10:51
546,144,108,Wool Sweater,Apparel,1,69.0,0.0,69.0,Complete,mobile_payment,2026-01-16 10:58,2026-01-17 10:58
547,142,115,Hair Dryer,Beauty,1,119.0,0.1,107.1,Complete,credit_card,2026-01-17 11:22,2026-01-20 11:22
548,150,122,Board Game,Toys,2,39.0,0.0,78.0,Cancelled,credit_card,2026-01-17 18:16,
549,47,112,Scented Candle,Home & Kitchen,1,15.0,0.0,15.0,Cancelled,paypal,2026-01-17 23:43,
550,105,110,Chef Knife,Home & Kitchen,2,99.0,0.0,198.0,Complete,paypal,2026-01-18 01:58,2026-01-23 01:58
551,102,107,Running Shoes,Apparel,1,129.0,0.0,129.0,Complete,mobile_payment,2026-01-18 07:10,2026-01-22 07:10
552,89,122,Board Game,Toys,1,39.0,0.0,39.0,Complete,credit_card,2026-01-19 00:30,2026-01-23 00:30
553,86,108,Wool Sweater,Apparel,1,69.0,0.2,55.2,Complete,paypal,2026-01-19 04:08,2026-01-23 04:08
554,104,121,Building Blocks,Toys,2,49.0,0.1,88.2,Complete,mobile_payment,2026-01-20 16:47,2026-01-23 16:47
555,43,106,Denim Jacket,Apparel,2,89.0,0.1,160.2,Complete,paypal,2026-01-21 23:28,2026-01-24 23:28
556,33,111,Air Fryer,Home & Kitchen,3,149.0,0.0,447.0,Processing,credit_card,2026-01-22 01:58,
557,24,111,Air Fryer,Home & Kitchen,1,149.0,0.0,149.0,Complete,credit_card,2026-01-24 06:52,2026-01-29 06:52
558,39,106,Denim Jacket,Apparel,3,89.0,0.0,267.0,Complete,mobile_payment,2026-01-25 05:55,2026-01-26 05:55
559,131,112,Scented Candle,Home & Kitchen,2,15.0,0.0,30.0,Complete,credit_card,2026-01-25 09:02,2026-01-30 09:02
560,44,108,Wool Sweater,Apparel,1,69.0,0.0,69.0,Returned,credit_card,2026-01-25 16:51,2026-01-29 16:51
561,147,105,Cotton T-Shirt,Apparel,2,19.0,0.0,38.0,Complete,bank_transfer,2026-01-25 22:07,2026-01-29 22:07
562,25,120,Cookbook,Books,2,32.0,0.0,64.0,Shipped,mobile_payment,2026-01-27 02:42,2026-01-31 02:42
563,3,109,Ceramic Mug Set,Home & Kitchen,2,29.0,0.0,58.0,Complete,paypal,2026-01-27 03:07,2026-01-31 03:07
564,74,104,USB-C Hub,Electronics,4,39.0,0.0,156.0,Complete,paypal,2026-01-27 04:11,2026-01-28 04:11
565,139,113,Vitamin C Serum,Beauty,1,35.0,0.0,35.0,Cancelled,credit_card,2026-01-27 04:41,
566,52,117,Dumbbell Set,Sports,1,159.0,0.2,127.2,Cancelled,credit_card,2026-01-27 19:08,
567,96,101,Wireless Earbuds,Electronics,1,79.0,0.0,79.0,Complete,paypal,2026-01-28 00:57,2026-02-02 00:57
568,18,120,Cookbook,Books,1,32.0,0.1,28.8,Shipped,bank_transfer,2026-01-28 08:49,2026-02-01 08:49
569,36,112,Scented Candle,Home & Kitchen,4,15.0,0.0,60.0,Complete,bank_transfer,2026-01-29 07:17,2026-01-31 07:17
570,78,104,USB-C Hub,Electronics,1,39.0,0.2,31.2,Complete,paypal,2026-01-31 02:10,2026-02-05 02:10
571,31,118,Camping Tent,Sports,1,249.0,0.2,199.2,Complete,bank_transfer,2026-01-31 04:06,2026-02-03 04:06
572,128,111,Air Fryer,Home & Kitchen,4,149.0,0.0,596.0,Shipped,credit_card,2026-01-31 11:59,2026-02-03 11:59
573,4,116,Yoga Mat,Sports,2,45.0,0.0,90.0,Complete,mobile_payment,2026-01-31 11:59,2026-02-04 11:59
574,105,105,Cotton T-Shirt,Apparel,1,19.0,0.0,19.0,Complete,paypal,2026-02-01 00:59,2026-02-05 00:59
575,86,111,Air Fryer,Home & Kitchen,2,149.0,0.0,298.0,Complete,bank_transfer,2026-02-01 02:21,2026-02-05 02:21
576,50,101,Wireless Earbuds,Electronics,1,79.0,0.0,79.0,Complete,bank_transfer,2026-02-01 14:00,2026-02-02 14:00
577,66,101,Wireless Earbuds,Electronics,3,79.0,0.0,237.0,Cancelled,paypal,2026-02-02 09:05,
578,139,122,Board Game,Toys,3,39.0,0.0,117.0,Shipped,mobile_payment,2026-02-02 13:37,2026-02-04 13:37
579,98,110,Chef Knife,Home & Kitchen,2,99.0,0.0,198.0,Cancelled,bank_transfer,2026-02-03 12:26,
580,111,107,Running Shoes,Apparel,1,129.0,0.0,129.0,Complete,bank_transfer,2026-02-03 22:42,2026-02-08 22:42
581,36,122,Board Game,Toys,3,39.0,0.0,117.0,Complete,credit_card,2026-02-03 22:46,2026-02-06 22:46
582,112,116,Yoga Mat,Sports,1,45.0,0.0,45.0,Cancelled,mobile_payment,2026-02-04 00:18,
583,93,114,Sunscreen SPF50,Beauty,2,22.0,0.0,44.0,Returned,paypal,2026-02-04 15:51,2026-02-06 15:51
584,101,109,Ceramic Mug Set,Home & Kitchen,1,29.0,0.0,29.0,Complete,mobile_payment,2026-02-04 18:00,2026-02-08 18:00
585,1,117,Dumbbell Set,Sports,1,159.0,0.2,127.2,Complete,mobile_payment,2026-02-07 00:19,2026-02-12 00:19
586,52,115,Hair Dryer,Beauty,1,119.0,0.0,119.0,Complete,credit_card,2026-02-07 14:05,2026-02-09 14:05
587,132,107,Running Shoes,Apparel,3,129.0,0.2,309.6,Complete,mobile_payment,2026-02-08 01:59,2026-02-13 01:59
588,55,113,Vitamin C Serum,Beauty,2,35.0,0.0,70.0,Complete,credit_card,2026-02-09 05:17,2026-02-11 05:17
589,76,115,Hair Dryer,Beauty,1,119.0,0.1,107.1,Complete,bank_transfer,2026-02-09 07:31,2026-02-11 07:31
590,93,109,Ceramic Mug Set,Home & Kitchen,3,29.0,0.1,78.3,Complete,mobile_payment,2026-02-09 23:37,2026-02-13 23:37
591,102,122,Board Game,Toys,2,39.0,0.0,78.0,Complete,paypal,2026-02-10 12:44,2026-02-11 12:44
592,122,108,Wool Sweater,Apparel,1,69.0,0.0,69.0,Complete,paypal,2026-02-10 22:38,2026-02-11 22:38
593,14,103,Bluetooth Speaker,Electronics,3,59.0,0.0,177.0,Complete,credit_card,2026-02-11 00:49,2026-02-12 00:49
594,100,122,Board Game,Toys,1,39.0,0.0,39.0,Cancelled,bank_transfer,2026-02-12 05:23,
595,83,114,Sunscreen SPF50,Beauty,2,22.0,0.0,44.0,Complete,mobile_payment,2026-02-12 09:21,2026-02-14 09:21
596,107,117,Dumbbell Set,Sports,1,159.0,0.0,159.0,Complete,paypal,2026-02-12 13:44,2026-02-17 13:44
597,85,113,Vitamin C Serum,Beauty,1,35.0,0.2,28.0,Complete,paypal,2026-02-13 03:00,2026-02-17 03:00
598,104,112,Scented Candle,Home & Kitchen,1,15.0,0.0,15.0,Complete,credit_card,2026-02-14 15:32,2026-02-18 15:32
599,41,110,Chef Knife,Home & Kitchen,1,99.0,0.0,99.0,Complete,mobile_payment,2026-02-15 07:33,2026-02-17 07:33
600,136,104,USB-C Hub,Electronics,1,39.0,0.0,39.0,Complete,mobile_payment,2026-02-16 16:57,2026-02-17 16:57
601,126,108,Wool Sweater,Apparel,1,69.0,0.0,69.0,Complete,mobile_payment,2026-02-18 09:44,2026-02-20 09:44
602,138,121,Building Blocks,Toys,2,49.0,0.0,98.0,Complete,credit_card,2026-02-20 04:47,2026-02-21 04:47
603,114,109,Ceramic Mug Set,Home & Kitchen,1,29.0,0.0,29.0,Processing,credit_card,2026-02-22 14:15,
604,100,121,Building Blocks,Toys,1,49.0,0.0,49.0,Complete,credit_card,2026-02-22 21:07,2026-02-27 21:07
605,11,104,USB-C Hub,Electronics,1,39.0,0.0,39.0,Complete,bank_transfer,2026-02-23 16:09,2026-02-26 16:09
606,141,120,Cookbook,Books,1,32.0,0.0,32.0,Complete,credit_card,2026-02-24 08:39,2026-02-26 08:39
607,45,122,Board Game,Toys,1,39.0,0.1,35.1,Complete,bank_transfer,2026-02-24 19:51,2026-02-27 19:51
608,99,116,Yoga Mat,Sports,2,45.0,0.1,81.0,Processing,paypal,2026-02-25 21:50,
609,68,112,Scented Candle,Home & Kitchen,1,15.0,0.0,15.0,Complete,credit_card,2026-02-27 07:18,2026-03-02 07:18
610,61,110,Chef Knife,Home & Kitchen,2,99.0,0.0,198.0,Complete,credit_card,2026-02-27 12:15,2026-03-01 12:15
611,52,102,Smart Watch,Electronics,3,199.0,0.0,597.0,Returned,paypal,2026-02-28 10:26,2026-03-04 10:26
612,81,115,Hair Dryer,Beauty,1,119.0,0.0,119.0,Complete,paypal,2026-02-28 13:20,2026-03-03 13:20
613,3,112,Scented Candle,Home & Kitchen,1,15.0,0.0,15.0,Complete,credit_card,2026-02-28 20:12,2026-03-03 20:12
614,8,115,Hair Dryer,Beauty,1,119.0,0.0,119.0,Complete,bank_transfer,2026-03-02 07:18,2026-03-04 07:18
615,85,105,Cotton T-Shirt,Apparel,1,19.0,0.0,19.0,Complete,paypal,2026-03-04 14:34,2026-03-06 14:34
616,5,103,Bluetooth Speaker,Electronics,1,59.0,0.0,59.0,Complete,paypal,2026-03-04 15:22,2026-03-07 15:22
617,36,115,Hair Dryer,Beauty,2,119.0,0.0,238.0,Complete,mobile_payment,2026-03-04 18:55,2026-03-05 18:55
618,49,102,Smart Watch,Electronics,1,199.0,0.2,159.2,Complete,mobile_payment,2026-03-05 10:46,2026-03-10 10:46
619,11,104,USB-C Hub,Electronics,1,39.0,0.1,35.1,Cancelled,paypal,2026-03-05 15:14,
620,121,107,Running Shoes,Apparel,1,129.0,0.1,116.1,Complete,paypal,2026-03-05 23:46,2026-03-07 23:46
621,5,120,Cookbook,Books,2,32.0,0.1,57.6,Complete,credit_card,2026-03-06 07:13,2026-03-11 07:13
622,82,108,Wool Sweater,Apparel,1,69.0,0.0,69.0,Complete,credit_card,2026-03-06 08:52,2026-03-09 08:52
623,12,120,Cookbook,Books,1,32.0,0.0,32.0,Complete,bank_transfer,2026-03-08 01:08,2026-03-12 01:08
624,23,105,Cotton T-Shirt,Apparel,1,19.0,0.0,19.0,Complete,bank_transfer,2026-03-09 23:51,2026-03-12 23:51
625,107,115,Hair Dryer,Beauty,2,119.0,0.2,190.4,Complete,mobile_payment,2026-03-10 05:09,2026-03-14 05:09
626,85,103,Bluetooth Speaker,Electronics,3,59.0,0.0,177.0,Complete,credit_card,2026-03-10 09:04,2026-03-11 09:04
627,33,112,Scented Candle,Home & Kitchen,2,15.0,0.2,24.0,Complete,credit_card,2026-03-10 16:42,2026-03-12 16:42
628,45,121,Building Blocks,Toys,1,49.0,0.1,44.1,Complete,paypal,2026-03-10 17:10,2026-03-12 17:10
629,123,113,Vitamin C Serum,Beauty,1,35.0,0.2,28.0,Complete,credit_card,2026-03-10 18:25,2026-03-14 18:25
630,137,114,Sunscreen SPF50,Beauty,1,22.0,0.0,22.0,Complete,mobile_payment,2026-03-10 21:56,2026-03-13 21:56
631,76,120,Cookbook,Books,4,32.0,0.0,128.0,Complete,bank_transfer,2026-03-11 10:06,2026-03-14 10:06
632,22,116,Yoga Mat,Sports,2,45.0,0.1,81.0,Cancelled,mobile_payment,2026-03-12 09:38,
633,116,115,Hair Dryer,Beauty,1,119.0,0.0,119.0,Complete,credit_card,2026-03-12 12:22,2026-03-16 12:22
634,82,114,Sunscreen SPF50,Beauty,1,22.0,0.1,19.8,Complete,paypal,2026-03-13 08:24,2026-03-17 08:24
635,103,111,Air Fryer,Home & Kitchen,2,149.0,0.2,238.4,Returned,paypal,2026-03-13 10:07,2026-03-18 10:07
636,14,101,Wireless Earbuds,Electronics,1,79.0,0.0,79.0,Complete,paypal,2026-03-13 12:26,2026-03-15 12:26
637,11,106,Denim Jacket,Apparel,2,89.0,0.0,178.0,Cancelled,mobile_payment,2026-03-13 23:55,
638,122,106,Denim Jacket,Apparel,3,89.0,0.0,267.0,Complete,bank_transfer,2026-03-14 05:03,2026-03-19 05:03
639,81,102,Smart Watch,Electronics,1,199.0,0.1,179.1,Cancelled,credit_card,2026-03-14 12:39,
640,98,102,Smart Watch,Electronics,4,199.0,0.2,636.8,Complete,paypal,2026-03-14 16:20,2026-03-18 16:20
641,103,104,USB-C Hub,Electronics,1,39.0,0.0,39.0,Complete,mobile_payment,2026-03-14 16:21,2026-03-19 16:21
642,122,107,Running Shoes,Apparel,2,129.0,0.1,232.2,Complete,credit_card,2026-03-15 21:23,2026-03-19 21:23
643,79,122,Board Game,Toys,2,39.0,0.0,78.0,Complete,credit_card,2026-03-17 01:14,2026-03-22 01:14
644,39,106,Denim Jacket,Apparel,1,89.0,0.0,89.0,Complete,bank_transfer,2026-03-17 07:12,2026-03-20 07:12
645,133,104,USB-C Hub,Electronics,1,39.0,0.0,39.0,Complete,mobile_payment,2026-03-17 17:37,2026-03-19 17:37
646,25,116,Yoga Mat,Sports,1,45.0,0.0,45.0,Complete,bank_transfer,2026-03-18 21:00,2026-03-20 21:00
647,110,120,Cookbook,Books,3,32.0,0.0,96.0,Complete,bank_transfer,2026-03-19 12:00,2026-03-21 12:00
648,6,105,Cotton T-Shirt,Apparel,2,19.0,0.1,34.2,Processing,bank_transfer,2026-03-20 12:27,
649,132,111,Air Fryer,Home & Kitchen,1,149.0,0.0,149.0,Shipped,credit_card,2026-03-20 14:42,2026-03-22 14:42
650,105,104,USB-C Hub,Electronics,1,39.0,0.2,31.2,Shipped,bank_transfer,2026-03-21 22:35,2026-03-26 22:35
651,124,103,Bluetooth Speaker,Electronics,1,59.0,0.0,59.0,Complete,bank_transfer,2026-03-23 03:36,2026-03-26 03:36
652,113,110,Chef Knife,Home & Kitchen,2,99.0,0.0,198.0,Complete,mobile_payment,2026-03-23 07:32,2026-03-26 07:32
653,7,108,Wool Sweater,Apparel,2,69.0,0.1,124.2,Complete,paypal,2026-03-24 13:03,2026-03-27 13:03
654,45,121,Building Blocks,Toys,4,49.0,0.0,196.0,Complete,bank_transfer,2026-03-24 22:35,2026-03-29 22:35
655,93,103,Bluetooth Speaker,Electronics,1,59.0,0.0,59.0,Complete,mobile_payment,2026-03-25 12:36,2026-03-27 12:36
656,133,101,Wireless Earbuds,Electronics,1,79.0,0.0,79.0,Complete,paypal,2026-03-26 09:12,2026-03-31 09:12
657,2,106,Denim Jacket,Apparel,1,89.0,0.0,89.0,Cancelled,paypal,2026-03-26 11:56,
658,26,108,Wool Sweater,Apparel,3,69.0,0.0,207.0,Complete,credit_card,2026-03-26 20:39,2026-03-28 20:39
659,126,107,Running Shoes,Apparel,1,129.0,0.0,129.0,Complete,paypal,2026-03-28 03:09,2026-04-01 03:09
660,22,108,Wool Sweater,Apparel,1,69.0,0.0,69.0,Complete,paypal,2026-03-28 03:47,2026-04-02 03:47
661,64,114,Sunscreen SPF50,Beauty,1,22.0,0.1,19.8,Returned,bank_transfer,2026-03-28 09:55,2026-04-01 09:55
662,34,114,Sunscreen SPF50,Beauty,1,22.0,0.0,22.0,Complete,credit_card,2026-03-28 20:19,2026-03-31 20:19
663,38,118,Camping Tent,Sports,1,249.0,0.0,249.0,Complete,paypal,2026-03-29 03:22,2026-04-01 03:22
664,7,109,Ceramic Mug Set,Home & Kitchen,2,29.0,0.1,52.2,Shipped,credit_card,2026-03-30 18:40,2026-04-02 18:40
665,121,115,Hair Dryer,Beauty,1,119.0,0.0,119.0,Complete,mobile_payment,2026-03-31 06:23,2026-04-05 06:23
666,15,110,Chef Knife,Home & Kitchen,3,99.0,0.0,297.0,Complete,paypal,2026-03-31 09:22,2026-04-02 09:22
667,21,116,Yoga Mat,Sports,1,45.0,0.0,45.0,Cancelled,mobile_payment,2026-03-31 11:27,
668,109,114,Sunscreen SPF50,Beauty,2,22.0,0.0,44.0,Complete,credit_card,2026-03-31 23:57,2026-04-05 23:57
669,145,118,Camping Tent,Sports,1,249.0,0.0,249.0,Complete,bank_transfer,2026-04-01 13:33,2026-04-06 13:33
670,111,109,Ceramic Mug Set,Home & Kitchen,1,29.0,0.0,29.0,Complete,credit_card,2026-04-01 14:35,2026-04-05 14:35
671,24,110,Chef Knife,Home & Kitchen,1,99.0,0.0,99.0,Complete,credit_card,2026-04-02 01:38,2026-04-04 01:38
672,50,116,Yoga Mat,Sports,1,45.0,0.1,40.5,Complete,paypal,2026-04-02 10:32,2026-04-03 10:32
673,38,119,Mystery Novel,Books,3,14.0,0.0,42.0,Complete,credit_card,2026-04-02 23:46,2026-04-05 23:46
674,128,116,Yoga Mat,Sports,1,45.0,0.0,45.0,Complete,mobile_payment,2026-04-04 23:41,2026-04-08 23:41
675,55,106,Denim Jacket,Apparel,3,89.0,0.0,267.0,Complete,mobile_payment,2026-04-05 06:08,2026-04-06 06:08
676,27,102,Smart Watch,Electronics,1,199.0,0.0,199.0,Complete,paypal,2026-04-08 02:21,2026-04-12 02:21
677,75,102,Smart Watch,Electronics,1,199.0,0.0,199.0,Complete,bank_transfer,2026-04-08 20:10,2026-04-12 20:10
678,146,111,Air Fryer,Home & Kitchen,3,149.0,0.2,357.6,Cancelled,bank_transfer,2026-04-09 04:13,
679,115,118,Camping Tent,Sports,1,249.0,0.0,249.0,Complete,bank_transfer,2026-04-09 06:13,2026-04-12 06:13
680,88,109,Ceramic Mug Set,Home & Kitchen,1,29.0,0.2,23.2,Cancelled,bank_transfer,2026-04-09 06:29,
681,6,110,Chef Knife,Home & Kitchen,1,99.0,0.0,99.0,Complete,paypal,2026-04-09 10:41,2026-04-11 10:41
682,48,101,Wireless Earbuds,Electronics,2,79.0,0.0,158.0,Processing,paypal,2026-04-10 00:39,
683,142,114,Sunscreen SPF50,Beauty,1,22.0,0.0,22.0,Complete,paypal,2026-04-10 23:55,2026-04-14 23:55
684,106,117,Dumbbell Set,Sports,1,159.0,0.0,159.0,Returned,mobile_payment,2026-04-11 12:10,2026-04-13 12:10
685,95,105,Cotton T-Shirt,Apparel,3,19.0,0.0,57.0,Complete,credit_card,2026-04-11 20:29,2026-04-12 20:29
686,20,113,Vitamin C Serum,Beauty,3,35.0,0.0,105.0,Complete,mobile_payment,2026-04-14 03:10,2026-04-16 03:10
687,98,110,Chef Knife,Home & Kitchen,1,99.0,0.0,99.0,Complete,paypal,2026-04-14 10:28,2026-04-19 10:28
688,11,107,Running Shoes,Apparel,1,129.0,0.0,129.0,Complete,mobile_payment,2026-04-14 10:59,2026-04-18 10:59
689,127,116,Yoga Mat,Sports,1,45.0,0.0,45.0,Complete,mobile_payment,2026-04-15 07:13,2026-04-19 07:13
690,8,122,Board Game,Toys,1,39.0,0.0,39.0,Complete,paypal,2026-04-15 15:07,2026-04-19 15:07
691,140,111,Air Fryer,Home & Kitchen,1,149.0,0.2,119.2,Complete,mobile_payment,2026-04-15 16:21,2026-04-18 16:21
692,2,113,Vitamin C Serum,Beauty,2,35.0,0.0,70.0,Complete,credit_card,2026-04-16 09:59,2026-04-21 09:59
693,125,113,Vitamin C Serum,Beauty,3,35.0,0.2,84.0,Processing,bank_transfer,2026-04-17 09:39,
694,24,102,Smart Watch,Electronics,1,199.0,0.0,199.0,Complete,credit_card,2026-04-18 19:38,2026-04-22 19:38
695,12,106,Denim Jacket,Apparel,2,89.0,0.1,160.2,Cancelled,bank_transfer,2026-04-19 02:26,
696,21,110,Chef Knife,Home & Kitchen,1,99.0,0.0,99.0,Processing,paypal,2026-04-19 08:54,
697,29,121,Building Blocks,Toys,1,49.0,0.0,49.0,Complete,paypal,2026-04-20 05:49,2026-04-25 05:49
698,150,104,USB-C Hub,Electronics,1,39.0,0.1,35.1,Complete,credit_card,2026-04-20 18:39,2026-04-22 18:39
699,140,116,Yoga Mat,Sports,4,45.0,0.1,162.0,Complete,credit_card,2026-04-21 07:09,2026-04-25 07:09
700,62,103,Bluetooth Speaker,Electronics,1,59.0,0.0,59.0,Complete,paypal,2026-04-21 19:43,2026-04-26 19:43
701,93,106,Denim Jacket,Apparel,3,89.0,0.1,240.3,Complete,credit_card,2026-04-21 21:20,2026-04-22 21:20
702,82,104,USB-C Hub,Electronics,2,39.0,0.0,78.0,Complete,paypal,2026-04-23 06:23,2026-04-24 06:23
703,134,117,Dumbbell Set,Sports,1,159.0,0.2,127.2,Cancelled,paypal,2026-04-25 22:56,
704,56,101,Wireless Earbuds,Electronics,3,79.0,0.0,237.0,Cancelled,mobile_payment,2026-04-26 04:35,
705,91,116,Yoga Mat,Sports,1,45.0,0.0,45.0,Complete,bank_transfer,2026-04-26 09:18,2026-05-01 09:18
706,96,107,Running Shoes,Apparel,1,129.0,0.1,116.1,Cancelled,mobile_payment,2026-04-26 15:25,
707,100,122,Board Game,Toys,1,39.0,0.0,39.0,Complete,mobile_payment,2026-04-27 20:48,2026-05-01 20:48
708,58,121,Building Blocks,Toys,2,49.0,0.0,98.0,Processing,paypal,2026-04-29 18:46,
709,11,110,Chef Knife,Home & Kitchen,3,99.0,0.0,297.0,Complete,bank_transfer,2026-04-30 23:59,2026-05-01 23:59
710,96,103,Bluetooth Speaker,Electronics,1,59.0,0.0,59.0,Complete,bank_transfer,2026-05-01 04:35,2026-05-06 04:35
711,107,117,Dumbbell Set,Sports,1,159.0,0.0,159.0,Complete,mobile_payment,2026-05-01 11:40,2026-05-03 11:40
712,114,104,USB-C Hub,Electronics,1,39.0,0.0,39.0,Complete,paypal,2026-05-01 15:30,2026-05-05 15:30
713,129,112,Scented Candle,Home & Kitchen,1,15.0,0.0,15.0,Complete,bank_transfer,2026-05-03 07:39,2026-05-08 07:39
714,115,108,Wool Sweater,Apparel,1,69.0,0.0,69.0,Complete,credit_card,2026-05-04 08:21,2026-05-09 08:21
715,55,111,Air Fryer,Home & Kitchen,1,149.0,0.1,134.1,Complete,paypal,2026-05-06 06:47,2026-05-10 06:47
716,82,114,Sunscreen SPF50,Beauty,2,22.0,0.0,44.0,Complete,bank_transfer,2026-05-06 20:04,2026-05-11 20:04
717,75,107,Running Shoes,Apparel,1,129.0,0.0,129.0,Processing,bank_transfer,2026-05-07 02:30,
718,86,101,Wireless Earbuds,Electronics,1,79.0,0.0,79.0,Complete,bank_transfer,2026-05-07 08:15,2026-05-09 08:15
719,47,109,Ceramic Mug Set,Home & Kitchen,2,29.0,0.0,58.0,Returned,bank_transfer,2026-05-07 12:30,2026-05-11 12:30
720,140,109,Ceramic Mug Set,Home & Kitchen,1,29.0,0.0,29.0,Returned,paypal,2026-05-07 12:57,2026-05-10 12:57
721,83,118,Camping Tent,Sports,2,249.0,0.0,498.0,Complete,paypal,2026-05-11 06:44,2026-05-15 06:44
722,137,104,USB-C Hub,Electronics,1,39.0,0.0,39.0,Complete,paypal,2026-05-13 09:28,2026-05-14 09:28
723,114,120,Cookbook,Books,1,32.0,0.0,32.0,Cancelled,credit_card,2026-05-14 05:19,
724,10,121,Building Blocks,Toys,1,49.0,0.0,49.0,Complete,paypal,2026-05-14 06:01,2026-05-19 06:01
725,73,101,Wireless Earbuds,Electronics,1,79.0,0.0,79.0,Processing,mobile_payment,2026-05-14 13:44,
726,74,118,Camping Tent,Sports,1,249.0,0.0,249.0,Complete,credit_card,2026-05-15 07:47,2026-05-16 07:47
727,136,118,Camping Tent,Sports,1,249.0,0.0,249.0,Complete,credit_card,2026-05-15 23:17,2026-05-18 23:17
728,24,101,Wireless Earbuds,Electronics,3,79.0,0.1,213.3,Complete,credit_card,2026-05-15 23:29,2026-05-18 23:29
729,116,118,Camping Tent,Sports,2,249.0,0.0,498.0,Complete,credit_card,2026-05-16 00:02,2026-05-19 00:02
730,99,101,Wireless Earbuds,Electronics,1,79.0,0.0,79.0,Complete,credit_card,2026-05-16 09:13,2026-05-21 09:13
731,15,103,Bluetooth Speaker,Electronics,3,59.0,0.0,177.0,Complete,credit_card,2026-05-16 14:08,2026-05-20 14:08
732,104,107,Running Shoes,Apparel,1,129.0,0.1,116.1,Complete,paypal,2026-05-17 00:14,2026-05-19 00:14
733,114,105,Cotton T-Shirt,Apparel,2,19.0,0.0,38.0,Complete,bank_transfer,2026-05-18 02:51,2026-05-21 02:51
734,148,117,Dumbbell Set,Sports,1,159.0,0.0,159.0,Complete,mobile_payment,2026-05-18 04:03,2026-05-22 04:03
735,144,110,Chef Knife,Home & Kitchen,2,99.0,0.0,198.0,Complete,paypal,2026-05-18 23:29,2026-05-19 23:29
736,107,101,Wireless Earbuds,Electronics,1,79.0,0.1,71.1,Complete,paypal,2026-05-19 16:26,2026-05-23 16:26
737,29,110,Chef Knife,Home & Kitchen,2,99.0,0.0,198.0,Complete,mobile_payment,2026-05-19 18:43,2026-05-24 18:43
738,24,118,Camping Tent,Sports,1,249.0,0.0,249.0,Complete,mobile_payment,2026-05-20 01:14,2026-05-21 01:14
739,16,117,Dumbbell Set,Sports,1,159.0,0.0,159.0,Complete,mobile_payment,2026-05-20 10:29,2026-05-21 10:29
740,11,120,Cookbook,Books,1,32.0,0.1,28.8,Complete,bank_transfer,2026-05-20 15:23,2026-05-24 15:23
741,124,103,Bluetooth Speaker,Electronics,1,59.0,0.0,59.0,Cancelled,mobile_payment,2026-05-20 18:27,
742,123,113,Vitamin C Serum,Beauty,1,35.0,0.0,35.0,Shipped,paypal,2026-05-20 18:41,2026-05-22 18:41
743,26,103,Bluetooth Speaker,Electronics,2,59.0,0.0,118.0,Complete,bank_transfer,2026-05-21 08:41,2026-05-24 08:41
744,27,118,Camping Tent,Sports,1,249.0,0.0,249.0,Shipped,mobile_payment,2026-05-21 16:49,2026-05-25 16:49
745,115,115,Hair Dryer,Beauty,2,119.0,0.1,214.2,Cancelled,bank_transfer,2026-05-21 21:59,
746,69,107,Running Shoes,Apparel,1,129.0,0.1,116.1,Complete,mobile_payment,2026-05-22 09:47,2026-05-24 09:47
747,40,113,Vitamin C Serum,Beauty,1,35.0,0.1,31.5,Processing,paypal,2026-05-22 22:13,
748,69,118,Camping Tent,Sports,1,249.0,0.0,249.0,Returned,credit_card,2026-05-23 17:52,2026-05-28 17:52
749,104,122,Board Game,Toys,3,39.0,0.0,117.0,Complete,mobile_payment,2026-05-25 00:39,2026-05-26 00:39
750,94,122,Board Game,Toys,3,39.0,0.0,117.0,Complete,mobile_payment,2026-05-25 09:13,2026-05-28 09:13
751,128,117,Dumbbell Set,Sports,1,159.0,0.1,143.1,Cancelled,mobile_payment,2026-05-26 00:05,
752,23,114,Sunscreen SPF50,Beauty,3,22.0,0.0,66.0,Complete,paypal,2026-05-26 08:24,2026-05-28 08:24
753,150,102,Smart Watch,Electronics,1,199.0,0.0,199.0,Complete,paypal,2026-05-26 15:59,2026-05-28 15:59
754,120,107,Running Shoes,Apparel,2,129.0,0.1,232.2,Complete,mobile_payment,2026-05-27 08:59,2026-06-01 08:59
755,82,111,Air Fryer,Home & Kitchen,3,149.0,0.0,447.0,Complete,credit_card,2026-05-31 22:33,2026-06-03 22:33
756,26,102,Smart Watch,Electronics,1,199.0,0.0,199.0,Complete,credit_card,2026-06-01 14:31,2026-06-06 14:31
757,57,118,Camping Tent,Sports,1,249.0,0.0,249.0,Complete,bank_transfer,2026-06-02 06:42,2026-06-05 06:42
758,130,102,Smart Watch,Electronics,2,199.0,0.0,398.0,Complete,mobile_payment,2026-06-02 11:07,2026-06-03 11:07
759,50,117,Dumbbell Set,Sports,3,159.0,0.0,477.0,Complete,mobile_payment,2026-06-03 06:53,2026-06-04 06:53
760,121,117,Dumbbell Set,Sports,1,159.0,0.0,159.0,Complete,bank_transfer,2026-06-04 01:40,2026-06-07 01:40
761,54,108,Wool Sweater,Apparel,1,69.0,0.0,69.0,Complete,mobile_payment,2026-06-04 08:03,2026-06-06 08:03
762,149,101,Wireless Earbuds,Electronics,1,79.0,0.0,79.0,Cancelled,mobile_payment,2026-06-04 21:31,
763,117,109,Ceramic Mug Set,Home & Kitchen,1,29.0,0.0,29.0,Complete,mobile_payment,2026-06-08 19:37,2026-06-12 19:37
764,122,117,Dumbbell Set,Sports,1,159.0,0.0,159.0,Complete,bank_transfer,2026-06-10 01:47,2026-06-15 01:47
765,106,122,Board Game,Toys,2,39.0,0.0,78.0,Cancelled,paypal,2026-06-11 01:17,
766,37,118,Camping Tent,Sports,1,249.0,0.0,249.0,Complete,paypal,2026-06-11 22:51,2026-06-13 22:51
767,42,105,Cotton T-Shirt,Apparel,1,19.0,0.0,19.0,Shipped,bank_transfer,2026-06-12 12:39,2026-06-15 12:39
768,113,120,Cookbook,Books,2,32.0,0.0,64.0,Shipped,credit_card,2026-06-12 14:53,2026-06-13 14:53
769,119,106,Denim Jacket,Apparel,1,89.0,0.0,89.0,Complete,paypal,2026-06-13 07:51,2026-06-15 07:51
770,43,103,Bluetooth Speaker,Electronics,1,59.0,0.0,59.0,Complete,paypal,2026-06-14 13:03,2026-06-15 13:03
771,64,120,Cookbook,Books,1,32.0,0.0,32.0,Complete,paypal,2026-06-16 15:22,2026-06-20 15:22
772,3,106,Denim Jacket,Apparel,1,89.0,0.0,89.0,Complete,credit_card,2026-06-17 02:00,2026-06-22 02:00
773,113,108,Wool Sweater,Apparel,3,69.0,0.1,186.3,Complete,credit_card,2026-06-17 03:40,2026-06-18 03:40
774,142,110,Chef Knife,Home & Kitchen,1,99.0,0.1,89.1,Shipped,credit_card,2026-06-17 09:46,2026-06-20 09:46
775,134,101,Wireless Earbuds,Electronics,2,79.0,0.0,158.0,Complete,credit_card,2026-06-17 13:07,2026-06-19 13:07
776,139,121,Building Blocks,Toys,1,49.0,0.0,49.0,Complete,credit_card,2026-06-18 04:30,2026-06-22 04:30
777,63,115,Hair Dryer,Beauty,2,119.0,0.0,238.0,Complete,mobile_payment,2026-06-18 16:34,2026-06-19 16:34
778,139,121,Building Blocks,Toys,1,49.0,0.0,49.0,Complete,mobile_payment,2026-06-18 18:16,2026-06-21 18:16
779,124,102,Smart Watch,Electronics,2,199.0,0.0,398.0,Complete,credit_card,2026-06-19 12:22,2026-06-24 12:22
780,15,104,USB-C Hub,Electronics,1,39.0,0.0,39.0,Shipped,bank_transfer,2026-06-20 06:17,2026-06-22 06:17
781,31,111,Air Fryer,Home & Kitchen,1,149.0,0.0,149.0,Processing,paypal,2026-06-20 07:08,
782,27,121,Building Blocks,Toys,2,49.0,0.0,98.0,Complete,credit_card,2026-06-20 12:44,2026-06-21 12:44
783,148,103,Bluetooth Speaker,Electronics,1,59.0,0.0,59.0,Complete,bank_transfer,2026-06-21 02:07,2026-06-25 02:07
784,148,119,Mystery Novel,Books,3,14.0,0.0,42.0,Complete,bank_transfer,2026-06-23 01:47,2026-06-27 01:47
785,120,121,Building Blocks,Toys,2,49.0,0.0,98.0,Cancelled,mobile_payment,2026-06-24 13:05,
786,138,107,Running Shoes,Apparel,4,129.0,0.0,516.0,Complete,mobile_payment,2026-06-26 00:46,2026-06-28 00:46
787,74,103,Bluetooth Speaker,Electronics,1,59.0,0.0,59.0,Processing,bank_transfer,2026-06-26 13:38,
788,56,103,Bluetooth Speaker,Electronics,2,59.0,0.0,118.0,Complete,mobile_payment,2026-06-26 16:06,2026-06-28 16:06
789,34,118,Camping Tent,Sports,1,249.0,0.0,249.0,Shipped,mobile_payment,2026-06-27 09:10,2026-06-29 09:10
790,85,105,Cotton T-Shirt,Apparel,1,19.0,0.0,19.0,Cancelled,bank_transfer,2026-06-27 20:05,
791,137,122,Board Game,Toys,3,39.0,0.0,117.0,Cancelled,mobile_payment,2026-06-27 20:22,
792,138,116,Yoga Mat,Sports,1,45.0,0.1,40.5,Shipped,paypal,2026-06-27 22:52,2026-06-28 22:52
793,3,116,Yoga Mat,Sports,4,45.0,0.1,162.0,Complete,paypal,2026-06-28 03:42,2026-06-30 03:42
794,64,109,Ceramic Mug Set,Home & Kitchen,3,29.0,0.1,78.3,Complete,mobile_payment,2026-06-28 11:28,2026-07-02 11:28
795,21,122,Board Game,Toys,2,39.0,0.0,78.0,Complete,mobile_payment,2026-06-28 19:55,2026-06-30 19:55
796,139,104,USB-C Hub,Electronics,1,39.0,0.0,39.0,Cancelled,mobile_payment,2026-06-29 00:57,
797,71,108,Wool Sweater,Apparel,1,69.0,0.0,69.0,Cancelled,credit_card,2026-06-29 06:59,
798,53,106,Denim Jacket,Apparel,4,89.0,0.0,356.0,Complete,mobile_payment,2026-06-29 07:53,2026-07-04 07:53
799,5,116,Yoga Mat,Sports,2,45.0,0.0,90.0,Complete,bank_transfer,2026-06-30 11:21,2026-07-04 11:21
800,63,115,Hair Dryer,Beauty,1,119.0,0.0,119.0,Returned,credit_card,2026-06-30 17:10,2026-07-04 17:10
